,id,home,away,home_goals,away_goals,tot_goals,odd_over,odd_under,goals_odd
0,172006763,11265335,11239770,2.0,1.0,3.0,1.071,7.5,2.5
1,172006766,11240527,11265336,2.0,0.0,2.0,1.111,6.0,2.5
2,172006768,11265335,11259408,2.0,0.0,2.0,1.166,4.5,2.5
3,172006770,11265336,11239770,2.0,4.0,6.0,1.015,12.0,2.5
4,172006772,11240527,11259408,3.0,2.0,5.0,1.1,6.5,2.5
5,172006783,11265336,11265335,1.0,2.0,3.0,1.111,6.0,2.5
6,172006785,11265336,11259408,3.0,6.0,9.0,1.071,7.5,2.5
7,172006787,11239770,11240527,1.0,1.0,2.0,1.062,8.0,2.5
8,172006789,11239770,11259408,1.0,4.0,5.0,1.03,10.0,2.5
9,172006791,11265335,11240527,1.0,0.0,1.0,1.5,2.5,2.5
10,172006799,11239033,11265366,4.0,1.0,5.0,1.083,7.0,2.5
11,172006803,11256863,11232016,3.0,3.0,6.0,1.222,4.0,2.5
12,172006805,11234837,11265366,3.0,3.0,6.0,1.222,4.0,2.5
13,172006808,11239033,11256863,3.0,2.0,5.0,1.02,11.0,2.5
14,172006810,11234837,11232016,5.0,4.0,9.0,1.111,6.0,2.5
15,172006812,11265366,11256863,1.0,1.0,2.0,1.222,4.0,2.5
16,172006819,11234837,11239033,1.0,5.0,6.0,1.071,7.5,2.5
17,172006832,11232016,11265366,2.0,2.0,4.0,1.571,2.35,2.5
18,172006837,11265366,11239033,2.0,3.0,5.0,1.062,8.0,2.5
19,172006844,11232016,11256863,2.0,1.0,3.0,1.111,6.0,2.5
20,172006849,11265366,11234837,1.0,2.0,3.0,1.1,6.5,2.5
21,172006857,11256863,11239033,1.0,1.0,2.0,1.03,10.0,2.5
22,172006869,11232016,11234837,3.0,6.0,9.0,1.083,7.0,2.5
23,172006880,11256863,11265366,4.0,4.0,8.0,1.333,3.25,2.5
24,172006888,11256863,11234837,2.0,4.0,6.0,1.071,7.5,2.5
25,172006896,11239033,11232016,4.0,1.0,5.0,1.05,8.5,2.5
26,172006915,11239033,11234837,3.0,4.0,7.0,1.025,10.5,2.5
27,172006934,11265366,11232016,3.0,1.0,4.0,1.4,2.75,2.5
28,172013667,11251498,11253173,3.0,3.0,6.0,1.125,5.5,2.5
29,172013669,11233890,11253175,5.0,3.0,8.0,1.111,6.0,2.5
30,172013680,11265043,11253173,2.0,3.0,5.0,1.166,4.5,2.5
31,172013683,11251498,11233890,2.0,5.0,7.0,1.05,8.5,2.5
32,172013711,11265043,11233890,6.0,0.0,6.0,1.071,7.5,2.5
33,172013719,11253175,11251498,4.0,1.0,5.0,1.062,8.0,2.5
34,172013729,11265043,11251498,6.0,2.0,8.0,1.1,6.5,2.5
35,172013733,11253175,11253173,1.0,2.0,3.0,1.166,4.5,2.5
36,172013737,11253173,11251498,1.0,1.0,2.0,1.111,6.0,2.5
37,172013741,11253175,11233890,3.0,4.0,7.0,1.1,6.5,2.5
38,172013743,11253173,11265043,2.0,6.0,8.0,1.166,4.5,2.5
39,172013745,11233890,11251498,3.0,3.0,6.0,1.03,10.0,2.5
40,172013747,11253175,11265043,4.0,2.0,6.0,1.05,8.5,2.5
41,172013757,11233890,11253173,5.0,0.0,5.0,1.083,7.0,2.5
42,172013767,11233890,11265043,3.0,7.0,10.0,1.071,7.5,2.5
43,172013770,11251498,11253175,4.0,0.0,4.0,1.062,8.0,2.5
44,172013777,11253173,11253175,3.0,1.0,4.0,1.142,5.0,2.5
45,172013781,11248891,11259003,4.0,4.0,8.0,1.142,5.0,2.5
46,172013789,11223813,11265052,3.0,2.0,5.0,1.062,8.0,2.5
47,172013795,11265053,11265052,2.0,2.0,4.0,1.05,8.5,2.5
48,172013802,11259003,11223813,2.0,3.0,5.0,1.111,6.0,2.5
49,172013804,11265053,11223813,4.0,1.0,5.0,1.083,7.0,2.5
50,172013811,11265052,11248891,5.0,4.0,9.0,1.062,8.0,2.5
51,172013820,11265053,11248891,2.0,1.0,3.0,1.071,7.5,2.5
52,172013833,11265052,11259003,1.0,4.0,5.0,1.142,5.0,2.5
53,172013843,11259003,11248891,4.0,1.0,5.0,1.2,4.333,2.5
54,172013848,11265052,11223813,3.0,5.0,8.0,1.04,9.0,2.5
55,172013850,11259003,11265053,3.0,2.0,5.0,1.111,6.0,2.5
56,172013854,11223813,11248891,3.0,6.0,9.0,1.04,9.0,2.5
57,172013860,11265052,11265053,2.0,3.0,5.0,1.062,8.0,2.5
58,172013868,11223813,11259003,3.0,3.0,6.0,1.083,7.0,2.5
59,172013871,11223813,11265053,3.0,2.0,5.0,1.062,8.0,2.5
60,172013874,11248891,11265052,4.0,1.0,5.0,1.05,8.5,2.5
61,172013876,11248891,11265053,2.0,2.0,4.0,1.071,7.5,2.5
62,172013878,11259003,11265052,3.0,0.0,3.0,1.125,5.5,2.5
63,172013880,11265119,11265120,0.0,1.0,1.0,1.083,7.0,2.5
64,172013883,11223744,11265118,3.0,1.0,4.0,1.071,7.5,2.5
65,172013885,11262102,11265120,1.0,2.0,3.0,1.111,6.0,2.5
66,172013891,11265119,11223744,1.0,3.0,4.0,1.04,9.0,2.5
67,172013899,11262102,11265118,4.0,6.0,10.0,1.05,8.5,2.5
68,172013903,11265120,11223744,2.0,3.0,5.0,1.062,8.0,2.5
69,172013905,11262102,11223744,1.0,2.0,3.0,1.062,8.0,2.5
70,172013910,11265118,11265119,3.0,4.0,7.0,1.05,8.5,2.5
71,172013916,11262102,11265119,2.0,3.0,5.0,1.062,8.0,2.5
72,172013926,11265118,11265120,2.0,4.0,6.0,1.125,5.5,2.5
73,172013930,11265120,11265119,3.0,5.0,8.0,1.111,6.0,2.5
74,172013935,11265118,11223744,2.0,4.0,6.0,1.071,7.5,2.5
75,172013939,11265120,11262102,1.0,1.0,2.0,1.111,6.0,2.5
76,172013941,11223744,11265119,2.0,3.0,5.0,1.04,9.0,2.5
77,172013943,11265118,11262102,4.0,3.0,7.0,1.062,8.0,2.5
78,172013945,11223744,11265120,1.0,0.0,1.0,1.083,7.0,2.5
79,172013948,11223744,11262102,0.0,3.0,3.0,1.05,8.5,2.5
80,172013959,11265119,11265118,1.0,6.0,7.0,1.05,8.5,2.5
81,172013967,11265119,11262102,5.0,4.0,9.0,1.062,8.0,2.5
82,172013976,11265120,11265118,5.0,3.0,8.0,1.166,4.5,2.5
83,172034969,11236957,11229405,2.0,4.0,6.0,1.142,5.0,2.5
84,172034974,11252655,11246129,2.0,2.0,4.0,1.1,6.5,2.5
85,172034979,11231918,11229405,3.0,1.0,4.0,1.166,4.5,2.5
86,172034982,11236957,11252655,3.0,2.0,5.0,1.333,3.25,2.5
87,172034986,11231918,11246129,3.0,2.0,5.0,1.4,2.75,2.5
88,172034988,11229405,11252655,3.0,4.0,7.0,1.05,8.5,2.5
89,172034990,11231918,11252655,2.0,2.0,4.0,1.25,3.75,2.5
90,172034994,11246129,11236957,1.0,2.0,3.0,1.363,3.0,2.5
91,172035005,11231918,11236957,1.0,2.0,3.0,1.333,3.25,2.5
92,172035010,11246129,11229405,2.0,5.0,7.0,1.062,8.0,2.5
93,172035016,11229405,11236957,1.0,1.0,2.0,1.125,5.5,2.5
94,172035023,11246129,11252655,4.0,1.0,5.0,1.111,6.0,2.5
95,172035032,11229405,11231918,2.0,4.0,6.0,1.111,6.0,2.5
96,172035042,11252655,11236957,4.0,2.0,6.0,1.2,4.333,2.5
97,172035050,11246129,11231918,2.0,0.0,2.0,1.2,4.333,2.5
98,172035055,11252655,11229405,2.0,5.0,7.0,1.04,9.0,2.5
99,172035060,11252655,11231918,1.0,1.0,2.0,1.285,3.5,2.5
100,172035066,11236957,11246129,2.0,4.0,6.0,1.363,3.0,2.5
101,172035071,11236957,11231918,0.0,1.0,1.0,1.4,2.75,2.5
102,172035078,11229405,11246129,3.0,3.0,6.0,1.04,9.0,2.5
103,172035083,11236930,11265212,1.0,1.0,2.0,1.142,5.0,2.5
104,172035093,11231455,11239750,1.0,4.0,5.0,1.111,6.0,2.5
105,172035122,11228250,11265212,4.0,2.0,6.0,1.1,6.5,2.5
106,172035140,11236930,11231455,1.0,2.0,3.0,1.166,4.5,2.5
107,172035154,11228250,11239750,2.0,2.0,4.0,1.3,3.4,2.5
108,172035168,11265212,11231455,4.0,4.0,8.0,1.03,10.0,2.5
109,172054600,11247614,11224901,1.0,1.0,2.0,1.444,2.625,2.5
110,172054602,11235250,11236962,2.0,0.0,2.0,1.65,2.2,2.5
111,172035187,11228250,11231455,0.0,1.0,1.0,1.285,3.5,2.5
112,172035208,11239750,11236930,1.0,2.0,3.0,1.25,3.75,2.5
113,172054604,11224735,11224901,2.0,1.0,3.0,1.363,3.0,2.5
114,172054606,11247614,11235250,1.0,0.0,1.0,1.5,2.5,2.5
115,172035236,11228250,11236930,2.0,2.0,4.0,1.363,3.0,2.5
116,172035267,11239750,11265212,3.0,0.0,3.0,1.03,10.0,2.5
117,172054608,11224735,11236962,1.0,2.0,3.0,1.8,2.0,2.5
118,172054617,11224901,11235250,1.0,2.0,3.0,1.285,3.5,2.5
119,172054622,11224735,11235250,3.0,2.0,5.0,1.444,2.625,2.5
120,172054626,11236962,11247614,0.0,1.0,1.0,1.615,2.25,2.5
121,172035282,11265212,11236930,3.0,2.0,5.0,1.111,6.0,2.5
122,172035298,11239750,11231455,4.0,1.0,5.0,1.1,6.5,2.5
123,172054628,11224735,11247614,2.0,3.0,5.0,1.333,3.25,2.5
124,172054634,11236962,11224901,0.0,1.0,1.0,1.85,1.95,2.5
125,172035314,11265212,11228250,1.0,3.0,4.0,1.142,5.0,2.5
126,172035330,11231455,11236930,2.0,1.0,3.0,1.3,3.4,2.5
127,172054639,11224901,11247614,2.0,2.0,4.0,1.571,2.35,2.5
128,172054651,11236962,11235250,1.0,1.0,2.0,1.65,2.2,2.5
129,172035344,11239750,11228250,1.0,3.0,4.0,1.3,3.4,2.5
130,172035361,11231455,11265212,4.0,3.0,7.0,1.03,10.0,2.5
131,172054656,11224901,11224735,2.0,2.0,4.0,1.444,2.625,2.5
132,172054660,11235250,11247614,3.0,0.0,3.0,1.5,2.5,2.5
133,172035390,11231455,11228250,1.0,3.0,4.0,1.285,3.5,2.5
134,172035404,11236930,11239750,1.0,2.0,3.0,1.363,3.0,2.5
135,172054663,11236962,11224735,1.0,4.0,5.0,1.615,2.25,2.5
136,172054665,11235250,11224901,3.0,1.0,4.0,1.25,3.75,2.5
137,172035427,11236930,11228250,3.0,1.0,4.0,1.333,3.25,2.5
138,172035454,11265212,11239750,3.0,5.0,8.0,1.04,9.0,2.5
139,172054667,11235250,11224735,2.0,1.0,3.0,1.444,2.625,2.5
140,172054669,11247614,11236962,1.0,1.0,2.0,1.7,2.1,2.5
141,172035484,11237009,11236928,2.0,1.0,3.0,1.142,5.0,2.5
142,172035520,11265277,11243688,1.0,3.0,4.0,1.1,6.5,2.5
143,172054671,11247614,11224735,2.0,4.0,6.0,1.333,3.25,2.5
144,172054682,11224901,11236962,1.0,2.0,3.0,1.85,1.95,2.5
145,172035545,11229119,11236928,3.0,4.0,7.0,1.166,4.5,2.5
146,172035577,11237009,11265277,0.0,0.0,0.0,1.333,3.25,2.5
147,172054704,11241243,11230930,3.0,2.0,5.0,1.444,2.625,2.5
148,172054709,11234472,11255982,1.0,2.0,3.0,1.75,2.05,2.5
149,172035608,11229119,11243688,1.0,0.0,1.0,1.333,3.25,2.5
150,172035641,11236928,11265277,0.0,1.0,1.0,1.04,9.0,2.5
151,172054712,11247616,11230930,2.0,0.0,2.0,1.444,2.625,2.5
152,172054716,11241243,11234472,1.0,1.0,2.0,1.5,2.5,2.5
153,172054728,11230930,11234472,2.0,1.0,3.0,1.444,2.625,2.5
154,172035757,11243688,11236928,2.0,5.0,7.0,1.04,9.0,2.5
155,172035783,11236928,11237009,2.0,2.0,4.0,1.142,5.0,2.5
156,172035819,11243688,11265277,0.0,1.0,1.0,1.111,6.0,2.5
157,172054736,11247616,11241243,4.0,2.0,6.0,1.25,3.75,2.5
158,172054738,11255982,11230930,0.0,0.0,0.0,1.85,1.95,2.5
159,172035846,11236928,11229119,2.0,2.0,4.0,1.125,5.5,2.5
160,172035885,11265277,11237009,3.0,3.0,6.0,1.333,3.25,2.5
161,172035932,11243688,11229119,3.0,1.0,4.0,1.333,3.25,2.5
162,172035969,11265277,11236928,4.0,3.0,7.0,1.05,8.5,2.5
163,172054740,11230930,11241243,5.0,1.0,6.0,1.4,2.75,2.5
164,172054742,11255982,11234472,2.0,2.0,4.0,1.7,2.1,2.5
165,172036005,11265277,11229119,2.0,1.0,3.0,1.25,3.75,2.5
166,172036050,11237009,11243688,4.0,2.0,6.0,1.285,3.5,2.5
167,172054745,11230930,11247616,0.0,3.0,3.0,1.444,2.625,2.5
168,172054754,11234472,11241243,1.0,2.0,3.0,1.5,2.5,2.5
169,172036081,11237009,11229119,4.0,0.0,4.0,1.533,2.375,2.5
170,172036115,11236928,11243688,3.0,4.0,7.0,1.04,9.0,2.5
171,172054756,11255982,11247616,1.0,1.0,2.0,1.571,2.35,2.5
172,172054758,11234472,11230930,0.0,3.0,3.0,1.4,2.75,2.5
173,172054760,11234472,11247616,0.0,1.0,1.0,1.444,2.625,2.5
174,172054764,11241243,11255982,3.0,0.0,3.0,1.5,2.5,2.5
175,172054770,11241243,11247616,1.0,2.0,3.0,1.25,3.75,2.5
176,172054776,11230930,11255982,2.0,1.0,3.0,1.85,1.95,2.5
177,172055121,11265329,11239845,2.0,2.0,4.0,1.04,9.0,2.5
178,172055125,11260694,11235170,1.0,1.0,2.0,1.142,5.0,2.5
179,172054778,11250372,11227803,1.0,2.0,3.0,1.363,3.0,2.5
180,172054780,11234412,11265330,0.0,2.0,2.0,1.65,2.2,2.5
181,172055139,11239349,11239845,1.0,2.0,3.0,1.142,5.0,2.5
182,172055144,11265329,11260694,4.0,5.0,9.0,1.015,12.0,2.5
183,172054782,11234331,11227803,3.0,2.0,5.0,1.444,2.625,2.5
184,172054784,11250372,11234412,1.0,2.0,3.0,1.444,2.625,2.5
185,172055149,11239349,11235170,1.0,3.0,4.0,1.083,7.0,2.5
186,172055154,11239845,11260694,1.0,4.0,5.0,1.166,4.5,2.5
187,172054787,11234331,11265330,2.0,0.0,2.0,1.8,2.0,2.5
188,172054789,11227803,11234412,2.0,3.0,5.0,1.444,2.625,2.5
189,172055163,11239349,11260694,1.0,1.0,2.0,1.03,10.0,2.5
190,172055171,11235170,11265329,4.0,4.0,8.0,1.04,9.0,2.5
191,172054791,11234331,11234412,1.0,3.0,4.0,1.65,2.2,2.5
192,172054800,11265330,11250372,1.0,2.0,3.0,1.5,2.5,2.5
193,172055180,11239349,11265329,5.0,5.0,10.0,1.012,13.0,2.5
194,172055187,11235170,11239845,2.0,1.0,3.0,1.4,2.75,2.5
195,172054811,11227803,11250372,2.0,4.0,6.0,1.333,3.25,2.5
196,172054815,11265330,11234412,2.0,1.0,3.0,1.8,2.0,2.5
197,172055203,11239845,11239349,0.0,2.0,2.0,1.125,5.5,2.5
198,172055207,11260694,11265329,3.0,3.0,6.0,1.012,13.0,2.5
199,172054821,11227803,11234331,0.0,0.0,0.0,1.444,2.625,2.5
200,172054832,11234412,11250372,1.0,2.0,3.0,1.5,2.5,2.5
201,172055213,11235170,11239349,2.0,5.0,7.0,1.083,7.0,2.5
202,172055218,11260694,11239845,2.0,1.0,3.0,1.1,6.5,2.5
203,172054841,11234412,11227803,3.0,1.0,4.0,1.333,3.25,2.5
204,172055233,11260694,11239349,0.0,3.0,3.0,1.05,8.5,2.5
205,172055240,11265329,11235170,3.0,3.0,6.0,1.04,9.0,2.5
206,172054845,11250372,11265330,0.0,1.0,1.0,1.533,2.375,2.5
207,172055247,11265329,11239349,5.0,3.0,8.0,1.01,15.0,2.5
208,172055252,11239845,11235170,1.0,1.0,2.0,1.444,2.625,2.5
209,172054849,11227803,11265330,2.0,2.0,4.0,1.85,1.95,2.5
210,172055260,11239770,11265335,3.0,0.0,3.0,1.111,6.0,2.5
211,172055299,11259408,11240527,5.0,1.0,6.0,1.1,6.5,2.5
212,172055304,11265335,11265336,1.0,3.0,4.0,1.2,4.333,2.5
213,172055310,11259408,11265336,2.0,2.0,4.0,1.05,8.5,2.5
214,172055316,11240527,11239770,1.0,3.0,4.0,1.05,8.5,2.5
215,172055321,11259408,11239770,6.0,2.0,8.0,1.01,15.0,2.5
216,172055326,11240527,11265335,3.0,1.0,4.0,1.615,2.25,2.5
217,172007653,11230348,11232153,2.0,1.0,3.0,1.111,6.0,2.5
218,172007660,11227233,11234845,4.0,1.0,5.0,1.125,5.5,2.5
219,172007524,11225772,11227768,5.0,4.0,9.0,1.111,6.0,2.5
220,172007531,11233961,11230345,3.0,1.0,4.0,1.1,6.5,2.5
221,172007666,11234845,11230348,1.0,3.0,4.0,1.2,4.333,2.5
222,172007670,11232153,11226660,2.0,2.0,4.0,1.222,4.0,2.5
223,172007535,11230345,11225772,3.0,5.0,8.0,1.125,5.5,2.5
224,172007541,11227768,11238590,2.0,3.0,5.0,1.125,5.5,2.5
225,172007678,11226660,11234845,2.0,4.0,6.0,1.222,4.0,2.5
226,172007545,11230345,11238590,1.0,5.0,6.0,1.1,6.5,2.5
227,172007550,11233961,11225772,4.0,3.0,7.0,1.05,8.5,2.5
228,172007700,11226660,11227233,2.0,1.0,3.0,1.125,5.5,2.5
229,172007706,11232153,11234845,5.0,2.0,7.0,1.333,3.25,2.5
230,172007554,11238590,11233961,4.0,2.0,6.0,1.083,7.0,2.5
231,172007559,11227768,11230345,2.0,0.0,2.0,1.2,4.333,2.5
232,172007713,11227233,11232153,3.0,1.0,4.0,1.25,3.75,2.5
233,172007718,11230348,11226660,0.0,0.0,0.0,1.142,5.0,2.5
234,172007564,11233961,11227768,1.0,4.0,5.0,1.1,6.5,2.5
235,172007574,11225772,11238590,6.0,2.0,8.0,1.071,7.5,2.5
236,172007722,11232153,11230348,1.0,3.0,4.0,1.142,5.0,2.5
237,172007727,11234845,11227233,0.0,4.0,4.0,1.142,5.0,2.5
238,172007578,11227768,11225772,3.0,4.0,7.0,1.111,6.0,2.5
239,172007582,11230345,11233961,3.0,2.0,5.0,1.1,6.5,2.5
240,172007732,11230348,11234845,4.0,1.0,5.0,1.2,4.333,2.5
241,172007740,11226660,11232153,4.0,3.0,7.0,1.142,5.0,2.5
242,172007588,11225772,11230345,3.0,1.0,4.0,1.1,6.5,2.5
243,172007594,11238590,11227768,4.0,1.0,5.0,1.142,5.0,2.5
244,172007753,11234845,11226660,2.0,2.0,4.0,1.2,4.333,2.5
245,172007759,11227233,11230348,5.0,0.0,5.0,1.1,6.5,2.5
246,172007604,11238597,11230369,3.0,1.0,4.0,1.1,6.5,2.5
247,172007609,11229841,11233974,1.0,2.0,3.0,1.05,8.5,2.5
248,172007613,11233974,11238597,4.0,2.0,6.0,1.05,8.5,2.5
249,172007618,11230369,11227783,4.0,4.0,8.0,1.25,3.75,2.5
250,172007765,11260654,11226681,1.0,3.0,4.0,1.142,5.0,2.5
251,172007770,11226255,11232199,1.0,1.0,2.0,1.3,3.4,2.5
252,172007622,11227783,11233974,2.0,6.0,8.0,1.1,6.5,2.5
253,172007627,11238597,11229841,2.0,5.0,7.0,1.071,7.5,2.5
254,172007780,11232199,11260654,1.0,3.0,4.0,1.222,4.0,2.5
255,172007791,11226681,11230372,4.0,4.0,8.0,1.222,4.0,2.5
256,172007631,11229841,11227783,1.0,3.0,4.0,1.083,7.0,2.5
257,172007638,11233974,11230369,6.0,0.0,6.0,1.1,6.5,2.5
258,172007797,11230372,11232199,1.0,2.0,3.0,1.142,5.0,2.5
259,172007802,11260654,11226255,1.0,1.0,2.0,1.166,4.5,2.5
260,172007649,11230369,11229841,3.0,3.0,6.0,1.166,4.5,2.5
261,172007657,11227783,11238597,8.0,1.0,9.0,1.125,5.5,2.5
262,172007807,11226255,11230372,3.0,2.0,5.0,1.2,4.333,2.5
263,172007664,11230369,11238597,2.0,4.0,6.0,1.1,6.5,2.5
264,172007668,11233974,11229841,3.0,2.0,5.0,1.062,8.0,2.5
265,172007818,11226681,11226255,3.0,7.0,10.0,1.2,4.333,2.5
266,172007824,11230372,11260654,2.0,4.0,6.0,1.111,6.0,2.5
267,172007675,11238597,11233974,2.0,4.0,6.0,1.05,8.5,2.5
268,172007684,11227783,11230369,2.0,1.0,3.0,1.166,4.5,2.5
269,172007847,11260654,11232199,2.0,1.0,3.0,1.25,3.75,2.5
270,172007852,11230372,11226681,3.0,2.0,5.0,1.142,5.0,2.5
271,172007710,11227783,11229841,3.0,1.0,4.0,1.1,6.5,2.5
272,172007716,11230369,11233974,1.0,6.0,7.0,1.1,6.5,2.5
273,172007859,11232199,11230372,2.0,5.0,7.0,1.166,4.5,2.5
274,172007864,11226255,11260654,3.0,0.0,3.0,1.2,4.333,2.5
275,172007720,11229841,11230369,1.0,0.0,1.0,1.1,6.5,2.5
276,172007725,11238597,11227783,3.0,7.0,10.0,1.111,6.0,2.5
277,172007881,11226255,11226681,1.0,1.0,2.0,1.2,4.333,2.5
278,172007886,11260654,11230372,1.0,4.0,5.0,1.142,5.0,2.5
279,172007729,11261484,11261065,3.0,3.0,6.0,1.1,6.5,2.5
280,172007735,11229900,11233978,1.0,2.0,3.0,1.05,8.5,2.5
281,172007888,11227265,11226253,1.0,1.0,2.0,1.142,5.0,2.5
282,172007892,11222748,11232214,2.0,2.0,4.0,1.333,3.25,2.5
283,172007749,11233978,11261484,7.0,2.0,9.0,1.062,8.0,2.5
284,172007755,11261065,11227798,2.0,1.0,3.0,1.166,4.5,2.5
285,172007895,11232214,11227265,4.0,4.0,8.0,1.285,3.5,2.5
286,172007898,11226253,11230380,5.0,5.0,10.0,1.142,5.0,2.5
287,172007762,11227798,11233978,3.0,4.0,7.0,1.1,6.5,2.5
288,172007767,11261484,11229900,1.0,3.0,4.0,1.062,8.0,2.5
289,172007902,11230380,11232214,1.0,0.0,1.0,1.142,5.0,2.5
290,172007913,11227265,11222748,1.0,2.0,3.0,1.166,4.5,2.5
291,172007775,11229900,11227798,2.0,1.0,3.0,1.111,6.0,2.5
292,172007786,11233978,11261065,1.0,3.0,4.0,1.083,7.0,2.5
293,172007794,11261065,11229900,1.0,1.0,2.0,1.166,4.5,2.5
294,172007800,11227798,11261484,2.0,6.0,8.0,1.125,5.5,2.5
295,172007927,11226253,11222748,2.0,2.0,4.0,1.166,4.5,2.5
296,172007934,11230380,11227265,2.0,0.0,2.0,1.1,6.5,2.5
297,172007805,11261065,11261484,3.0,2.0,5.0,1.1,6.5,2.5
298,172007811,11233978,11229900,2.0,4.0,6.0,1.071,7.5,2.5
299,172007944,11226253,11227265,3.0,3.0,6.0,1.166,4.5,2.5
300,172007956,11232214,11222748,1.0,1.0,2.0,1.3,3.4,2.5
301,172007816,11261484,11233978,2.0,4.0,6.0,1.04,9.0,2.5
302,172007821,11227798,11261065,3.0,2.0,5.0,1.166,4.5,2.5
303,172007961,11227265,11232214,1.0,3.0,4.0,1.25,3.75,2.5
304,172007969,11230380,11226253,0.0,0.0,0.0,1.166,4.5,2.5
305,172007826,11233978,11227798,3.0,2.0,5.0,1.1,6.5,2.5
306,172007834,11229900,11261484,2.0,2.0,4.0,1.071,7.5,2.5
307,172007972,11232214,11230380,3.0,1.0,4.0,1.222,4.0,2.5
308,172007979,11222748,11227265,3.0,6.0,9.0,1.166,4.5,2.5
309,172007845,11227798,11229900,2.0,5.0,7.0,1.125,5.5,2.5
310,172007850,11261065,11233978,2.0,3.0,5.0,1.1,6.5,2.5
311,172007984,11230380,11222748,3.0,2.0,5.0,1.2,4.333,2.5
312,172007989,11226253,11232214,4.0,3.0,7.0,1.142,5.0,2.5
313,172007855,11229900,11261065,2.0,3.0,5.0,1.2,4.333,2.5
314,172007862,11261484,11227798,2.0,4.0,6.0,1.142,5.0,2.5
315,172007997,11222748,11226253,1.0,2.0,3.0,1.222,4.0,2.5
316,172008011,11227265,11230380,3.0,2.0,5.0,1.1,6.5,2.5
317,172019722,11245844,11234591,3.0,1.0,4.0,1.071,7.5,2.5
318,172019724,11222813,11222811,1.0,2.0,3.0,1.062,8.0,2.5
319,172019726,11222811,11245844,3.0,4.0,7.0,1.062,8.0,2.5
320,172019729,11234591,11225796,2.0,2.0,4.0,1.2,4.333,2.5
321,172020203,11264801,11265417,2.0,2.0,4.0,1.363,3.0,2.5
322,172019731,11225796,11222811,1.0,4.0,5.0,1.1,6.5,2.5
323,172019741,11245844,11222813,3.0,7.0,10.0,1.083,7.0,2.5
324,172020206,11265417,11265418,2.0,2.0,4.0,1.083,7.0,2.5
325,172019743,11222813,11225796,5.0,4.0,9.0,1.125,5.5,2.5
326,172019745,11222811,11234591,5.0,5.0,10.0,1.142,5.0,2.5
327,172020208,11265419,11265417,3.0,1.0,4.0,1.125,5.5,2.5
328,172020212,11265418,11264801,2.0,2.0,4.0,1.2,4.333,2.5
329,172019748,11234591,11222813,3.0,3.0,6.0,1.1,6.5,2.5
330,172019752,11225796,11245844,3.0,4.0,7.0,1.071,7.5,2.5
331,172020214,11264801,11265419,3.0,2.0,5.0,1.222,4.0,2.5
332,172019759,11234591,11245844,3.0,3.0,6.0,1.083,7.0,2.5
333,172019762,11222811,11222813,2.0,0.0,2.0,1.062,8.0,2.5
334,172020217,11265419,11265418,4.0,3.0,7.0,1.125,5.5,2.5
335,172019764,11245844,11222811,1.0,2.0,3.0,1.062,8.0,2.5
336,172019768,11225796,11234591,2.0,0.0,2.0,1.2,4.333,2.5
337,172020219,11265417,11264801,2.0,2.0,4.0,1.333,3.25,2.5
338,172019770,11222811,11225796,4.0,3.0,7.0,1.1,6.5,2.5
339,172019773,11222813,11245844,1.0,4.0,5.0,1.05,8.5,2.5
340,172020222,11265418,11265417,3.0,2.0,5.0,1.062,8.0,2.5
341,172020235,11264801,11265418,2.0,2.0,4.0,1.125,5.5,2.5
342,172019783,11222813,11234591,3.0,2.0,5.0,1.1,6.5,2.5
343,172020237,11265419,11264801,1.0,1.0,2.0,1.2,4.333,2.5
344,172020239,11265418,11265419,2.0,5.0,7.0,1.083,7.0,2.5
345,172019806,11222890,11245892,6.0,5.0,11.0,1.05,8.5,2.5
346,172019814,11234654,11225890,3.0,5.0,8.0,1.166,4.5,2.5
347,172020244,11265471,11265472,4.0,0.0,4.0,1.363,3.0,2.5
348,172019842,11222892,11225890,1.0,1.0,2.0,1.083,7.0,2.5
349,172020260,11265475,11265472,3.0,2.0,5.0,1.083,7.0,2.5
350,172020266,11265473,11265471,1.0,1.0,2.0,1.142,5.0,2.5
351,172020268,11265471,11265475,3.0,0.0,3.0,1.2,4.333,2.5
352,172019857,11234654,11245892,4.0,3.0,7.0,1.083,7.0,2.5
353,172019859,11222890,11222892,2.0,7.0,9.0,1.062,8.0,2.5
354,172020271,11265475,11265473,2.0,1.0,3.0,1.071,7.5,2.5
355,172019876,11225890,11234654,0.0,5.0,5.0,1.111,6.0,2.5
356,172020273,11265472,11265471,1.0,3.0,4.0,1.333,3.25,2.5
357,172019880,11222890,11225890,4.0,4.0,8.0,1.062,8.0,2.5
358,172019884,11222892,11245892,3.0,5.0,8.0,1.04,9.0,2.5
359,172020275,11265473,11265472,5.0,8.0,13.0,1.1,6.5,2.5
360,172019887,11225890,11222892,3.0,4.0,7.0,1.083,7.0,2.5
361,172019896,11234654,11222890,4.0,1.0,5.0,1.111,6.0,2.5
362,172020278,11265472,11265475,4.0,0.0,4.0,1.1,6.5,2.5
363,172020281,11265471,11265473,4.0,0.0,4.0,1.166,4.5,2.5
364,172019902,11245892,11225890,3.0,4.0,7.0,1.071,7.5,2.5
365,172020291,11265475,11265471,2.0,2.0,4.0,1.222,4.0,2.5
366,172020298,11265473,11265475,1.0,3.0,4.0,1.111,6.0,2.5
367,172019904,11245930,11234665,3.0,1.0,4.0,1.062,8.0,2.5
368,172019906,11222929,11222925,5.0,9.0,14.0,1.062,8.0,2.5
369,172019911,11234665,11225921,3.0,2.0,5.0,1.142,5.0,2.5
370,172019909,11222925,11245930,5.0,5.0,10.0,1.04,9.0,2.5
371,172020303,11265483,11265484,2.0,0.0,2.0,1.285,3.5,2.5
372,172019914,11225921,11222925,3.0,4.0,7.0,1.05,8.5,2.5
373,172019917,11245930,11222929,4.0,5.0,9.0,1.04,9.0,2.5
374,172020306,11265484,11242754,4.0,4.0,8.0,1.083,7.0,2.5
375,172019926,11222929,11225921,3.0,3.0,6.0,1.083,7.0,2.5
376,172019928,11222925,11234665,3.0,4.0,7.0,1.125,5.5,2.5
377,172020312,11265505,11265484,2.0,5.0,7.0,1.083,7.0,2.5
378,172020322,11242754,11265483,3.0,3.0,6.0,1.166,4.5,2.5
379,172019930,11234665,11222929,1.0,1.0,2.0,1.062,8.0,2.5
380,172020329,11265483,11265505,3.0,5.0,8.0,1.25,3.75,2.5
381,172019938,11234665,11245930,5.0,3.0,8.0,1.05,8.5,2.5
382,172019947,11222925,11222929,4.0,2.0,6.0,1.04,9.0,2.5
383,172020334,11265505,11242754,0.0,3.0,3.0,1.1,6.5,2.5
384,172019950,11245930,11222925,1.0,2.0,3.0,1.04,9.0,2.5
385,172019952,11225921,11234665,4.0,4.0,8.0,1.166,4.5,2.5
386,172020339,11265484,11265483,2.0,2.0,4.0,1.285,3.5,2.5
387,172019955,11222925,11225921,1.0,2.0,3.0,1.05,8.5,2.5
388,172019957,11222929,11245930,2.0,4.0,6.0,1.04,9.0,2.5
389,172020343,11242754,11265484,3.0,0.0,3.0,1.083,7.0,2.5
390,172019960,11225921,11222929,4.0,1.0,5.0,1.071,7.5,2.5
391,172019962,11234665,11222925,4.0,5.0,9.0,1.1,6.5,2.5
392,172020346,11265484,11265505,2.0,4.0,6.0,1.083,7.0,2.5
393,172020348,11265483,11242754,3.0,2.0,5.0,1.166,4.5,2.5
394,172019965,11222929,11234665,5.0,4.0,9.0,1.05,8.5,2.5
395,172019979,11245930,11225921,3.0,2.0,5.0,1.083,7.0,2.5
396,172020350,11265505,11265483,1.0,2.0,3.0,1.222,4.0,2.5
397,172019995,11222976,11222972,4.0,2.0,6.0,1.03,10.0,2.5
398,172020354,11242754,11265505,1.0,3.0,4.0,1.1,6.5,2.5
399,172019986,11245965,11234692,5.0,5.0,10.0,1.05,8.5,2.5
400,172019997,11222972,11245965,3.0,4.0,7.0,1.04,9.0,2.5
401,172020002,11234692,11225953,4.0,1.0,5.0,1.1,6.5,2.5
402,172020364,11265521,11265522,3.0,0.0,3.0,1.333,3.25,2.5
403,172020010,11225953,11222972,4.0,3.0,7.0,1.05,8.5,2.5
404,172020021,11245965,11222976,3.0,2.0,5.0,1.04,9.0,2.5
405,172020370,11265522,11242817,2.0,3.0,5.0,1.062,8.0,2.5
406,172020026,11222976,11225953,3.0,3.0,6.0,1.1,6.5,2.5
407,172020031,11222972,11234692,4.0,5.0,9.0,1.071,7.5,2.5
408,172020375,11265524,11265522,2.0,3.0,5.0,1.1,6.5,2.5
409,172020379,11242817,11265521,3.0,2.0,5.0,1.142,5.0,2.5
410,172020037,11234692,11222976,3.0,3.0,6.0,1.05,8.5,2.5
411,172020039,11225953,11245965,3.0,2.0,5.0,1.1,6.5,2.5
412,172020384,11265521,11265524,3.0,3.0,6.0,1.2,4.333,2.5
413,172020042,11234692,11245965,4.0,2.0,6.0,1.04,9.0,2.5
414,172020046,11222972,11222976,4.0,4.0,8.0,1.04,9.0,2.5
415,172020392,11265524,11242817,1.0,2.0,3.0,1.142,5.0,2.5
416,172020049,11245965,11222972,3.0,1.0,4.0,1.04,9.0,2.5
417,172020061,11225953,11234692,5.0,2.0,7.0,1.142,5.0,2.5
418,172020396,11265522,11265521,3.0,1.0,4.0,1.363,3.0,2.5
419,172020066,11222972,11225953,4.0,3.0,7.0,1.062,8.0,2.5
420,172020072,11222976,11245965,2.0,4.0,6.0,1.04,9.0,2.5
421,172020399,11242817,11265522,1.0,0.0,1.0,1.05,8.5,2.5
422,172020076,11225953,11222976,3.0,2.0,5.0,1.1,6.5,2.5
423,172020082,11234692,11222972,2.0,4.0,6.0,1.071,7.5,2.5
424,172020402,11265522,11265524,2.0,4.0,6.0,1.062,8.0,2.5
425,172020404,11265521,11242817,0.0,1.0,1.0,1.111,6.0,2.5
426,172020091,11222976,11234692,6.0,2.0,8.0,1.05,8.5,2.5
427,172020096,11245965,11225953,2.0,5.0,7.0,1.1,6.5,2.5
428,172020406,11265524,11265521,1.0,2.0,3.0,1.222,4.0,2.5
429,172057226,11241104,11246107,0.0,2.0,2.0,1.222,4.0,2.5
430,172057235,11244496,11244157,3.0,5.0,8.0,1.166,4.5,2.5
431,172020409,11242817,11265524,3.0,2.0,5.0,1.1,6.5,2.5
432,172057249,11244157,11241104,2.0,1.0,3.0,1.222,4.0,2.5
433,172057256,11246107,11253171,1.0,2.0,3.0,1.111,6.0,2.5
434,172057264,11253171,11244157,0.0,0.0,0.0,1.142,5.0,2.5
435,172057272,11241104,11244496,4.0,1.0,5.0,1.1,6.5,2.5
436,172057281,11244496,11253171,3.0,5.0,8.0,1.05,8.5,2.5
437,172057295,11244157,11246107,4.0,2.0,6.0,1.285,3.5,2.5
438,172057300,11246107,11244496,2.0,5.0,7.0,1.125,5.5,2.5
439,172057304,11253171,11241104,3.0,3.0,6.0,1.2,4.333,2.5
440,172057308,11246107,11241104,4.0,5.0,9.0,1.222,4.0,2.5
441,172057313,11244157,11244496,6.0,0.0,6.0,1.166,4.5,2.5
442,172057319,11241104,11244157,3.0,0.0,3.0,1.222,4.0,2.5
443,172057323,11253171,11246107,7.0,4.0,11.0,1.125,5.5,2.5
444,172057330,11244157,11253171,2.0,4.0,6.0,1.166,4.5,2.5
445,172057340,11244496,11241104,0.0,2.0,2.0,1.1,6.5,2.5
446,172057344,11253171,11244496,2.0,1.0,3.0,1.05,8.5,2.5
447,172057348,11246107,11244157,0.0,5.0,5.0,1.285,3.5,2.5
448,172057352,11244496,11246107,6.0,1.0,7.0,1.083,7.0,2.5
449,172057359,11241104,11253171,0.0,0.0,0.0,1.125,5.5,2.5
450,172057368,11222578,11247530,2.0,2.0,4.0,1.166,4.5,2.5
451,172057372,11244531,11244190,3.0,1.0,4.0,1.125,5.5,2.5
452,172057377,11244190,11222578,2.0,4.0,6.0,1.25,3.75,2.5
453,172057382,11247530,11253221,5.0,4.0,9.0,1.083,7.0,2.5
454,172057386,11253221,11244190,2.0,2.0,4.0,1.222,4.0,2.5
455,172057391,11222578,11244531,0.0,2.0,2.0,1.142,5.0,2.5
456,172057399,11244531,11253221,2.0,3.0,5.0,1.062,8.0,2.5
457,172057404,11244190,11247530,2.0,1.0,3.0,1.2,4.333,2.5
458,172057413,11247530,11244531,3.0,2.0,5.0,1.1,6.5,2.5
459,172057423,11253221,11222578,3.0,1.0,4.0,1.25,3.75,2.5
460,172057430,11247530,11222578,3.0,2.0,5.0,1.166,4.5,2.5
461,172057436,11244190,11244531,2.0,3.0,5.0,1.166,4.5,2.5
462,172057455,11253221,11247530,4.0,2.0,6.0,1.1,6.5,2.5
463,172057486,11244531,11222578,0.0,2.0,2.0,1.125,5.5,2.5
464,172057498,11253221,11244531,3.0,2.0,5.0,1.05,8.5,2.5
465,172057506,11247530,11244190,2.0,1.0,3.0,1.25,3.75,2.5
466,172057512,11244531,11247530,3.0,1.0,4.0,1.125,5.5,2.5
467,172057519,11222578,11253221,1.0,2.0,3.0,1.166,4.5,2.5
468,172057526,11241837,11245812,1.0,2.0,3.0,1.166,4.5,2.5
469,172057535,11243497,11244228,2.0,2.0,4.0,1.1,6.5,2.5
470,172057546,11244228,11241837,1.0,2.0,3.0,1.25,3.75,2.5
471,172057553,11245812,11253250,1.0,1.0,2.0,1.111,6.0,2.5
472,172057562,11253250,11244228,2.0,3.0,5.0,1.25,3.75,2.5
473,172057569,11241837,11243497,4.0,4.0,8.0,1.125,5.5,2.5
474,172057580,11243497,11253250,4.0,4.0,8.0,1.071,7.5,2.5
475,172057590,11244228,11245812,2.0,1.0,3.0,1.222,4.0,2.5
476,172057595,11245812,11243497,1.0,2.0,3.0,1.1,6.5,2.5
477,172057600,11253250,11241837,2.0,0.0,2.0,1.222,4.0,2.5
478,172057604,11245812,11241837,0.0,2.0,2.0,1.166,4.5,2.5
479,172057610,11244228,11243497,2.0,3.0,5.0,1.142,5.0,2.5
480,172057616,11241837,11244228,0.0,4.0,4.0,1.285,3.5,2.5
481,172057623,11253250,11245812,3.0,3.0,6.0,1.1,6.5,2.5
482,172057628,11244228,11253250,4.0,2.0,6.0,1.222,4.0,2.5
483,172057641,11243497,11241837,1.0,4.0,5.0,1.1,6.5,2.5
484,172057645,11253250,11243497,3.0,1.0,4.0,1.062,8.0,2.5
485,172057649,11245812,11244228,5.0,2.0,7.0,1.285,3.5,2.5
486,172057655,11243497,11245812,2.0,4.0,6.0,1.125,5.5,2.5
487,172057663,11241837,11253250,0.0,0.0,0.0,1.2,4.333,2.5
488,172057901,11224355,11227216,3.0,0.0,3.0,1.062,8.0,2.5
489,172057904,11225675,11225681,3.0,0.0,3.0,1.1,6.5,2.5
490,172058450,11232135,11223187,2.0,2.0,4.0,1.166,4.5,2.5
491,172058454,11222656,11225680,2.0,4.0,6.0,1.3,3.4,2.5
492,172057906,11225681,11224355,2.0,5.0,7.0,1.166,4.5,2.5
493,172057908,11227216,11228900,0.0,0.0,0.0,1.2,4.333,2.5
494,172058458,11225680,11232135,1.0,2.0,3.0,1.25,3.75,2.5
495,172058470,11223187,11232132,2.0,1.0,3.0,1.166,4.5,2.5
496,172057911,11228900,11225681,3.0,2.0,5.0,1.25,3.75,2.5
497,172057921,11224355,11225675,5.0,3.0,8.0,1.05,8.5,2.5
498,172058474,11232132,11225680,2.0,0.0,2.0,1.142,5.0,2.5
499,172058480,11232135,11222656,4.0,1.0,5.0,1.142,5.0,2.5
500,172057934,11225675,11228900,6.0,1.0,7.0,1.125,5.5,2.5
501,172057942,11225681,11227216,1.0,3.0,4.0,1.2,4.333,2.5
502,172058487,11222656,11232132,1.0,3.0,4.0,1.2,4.333,2.5
503,172058495,11225680,11223187,2.0,3.0,5.0,1.166,4.5,2.5
504,172057946,11227216,11225675,1.0,3.0,4.0,1.083,7.0,2.5
505,172057949,11228900,11224355,2.0,2.0,4.0,1.1,6.5,2.5
506,172058506,11223187,11222656,5.0,2.0,7.0,1.2,4.333,2.5
507,172058515,11232132,11232135,2.0,2.0,4.0,1.111,6.0,2.5
508,172058544,11232135,11225680,5.0,2.0,7.0,1.2,4.333,2.5
509,172058548,11232132,11223187,3.0,0.0,3.0,1.166,4.5,2.5
510,172057972,11225681,11228900,1.0,2.0,3.0,1.222,4.0,2.5
511,172057974,11225675,11224355,6.0,2.0,8.0,1.05,8.5,2.5
512,172058554,11225680,11232132,5.0,1.0,6.0,1.142,5.0,2.5
513,172058559,11222656,11232135,2.0,2.0,4.0,1.142,5.0,2.5
514,172057976,11228900,11225675,3.0,2.0,5.0,1.142,5.0,2.5
515,172057978,11227216,11225681,4.0,1.0,5.0,1.2,4.333,2.5
516,172058566,11232132,11222656,4.0,0.0,4.0,1.2,4.333,2.5
517,172058579,11223187,11225680,3.0,3.0,6.0,1.166,4.5,2.5
518,172057981,11225675,11227216,1.0,1.0,2.0,1.083,7.0,2.5
519,172057984,11224355,11228900,2.0,6.0,8.0,1.111,6.0,2.5
520,172058585,11222656,11223187,1.0,3.0,4.0,1.222,4.0,2.5
521,172058589,11232135,11232132,3.0,5.0,8.0,1.111,6.0,2.5
522,172057992,11224382,11227232,5.0,2.0,7.0,1.062,8.0,2.5
523,172057994,11225716,11225723,1.0,0.0,1.0,1.1,6.5,2.5
524,172058595,11232156,11223211,1.0,3.0,4.0,1.166,4.5,2.5
525,172057997,11225723,11224382,2.0,2.0,4.0,1.142,5.0,2.5
526,172058000,11227232,11228910,1.0,4.0,5.0,1.2,4.333,2.5
527,172058614,11237991,11232156,1.0,1.0,2.0,1.2,4.333,2.5
528,172058621,11223211,11232155,3.0,2.0,5.0,1.2,4.333,2.5
529,172058004,11228910,11225723,2.0,1.0,3.0,1.222,4.0,2.5
530,172058011,11224382,11225716,4.0,1.0,5.0,1.04,9.0,2.5
531,172055337,11265335,11239770,1.0,1.0,2.0,1.142,5.0,2.5
532,172055348,11240527,11265336,2.0,1.0,3.0,1.222,4.0,2.5
533,172055354,11265335,11259408,0.0,2.0,2.0,1.125,5.5,2.5
534,172055358,11265336,11239770,1.0,5.0,6.0,1.03,10.0,2.5
535,172055363,11240527,11259408,2.0,1.0,3.0,1.083,7.0,2.5
536,172055376,11265336,11259408,0.0,3.0,3.0,1.05,8.5,2.5
537,172055378,11239770,11240527,5.0,5.0,10.0,1.083,7.0,2.5
538,172055380,11239770,11259408,2.0,5.0,7.0,1.02,11.0,2.5
539,172055384,11265335,11240527,1.0,2.0,3.0,1.571,2.35,2.5
540,172055390,11234837,11265366,0.0,1.0,1.0,1.125,5.5,2.5
541,172055393,11239033,11256863,3.0,2.0,5.0,1.04,9.0,2.5
542,172055401,11234837,11232016,2.0,2.0,4.0,1.083,7.0,2.5
543,172055405,11265366,11256863,2.0,3.0,5.0,1.25,3.75,2.5
544,172055407,11234837,11256863,0.0,2.0,2.0,1.05,8.5,2.5
545,172055409,11232016,11239033,3.0,4.0,7.0,1.083,7.0,2.5
546,172055412,11234837,11239033,1.0,3.0,4.0,1.015,12.0,2.5
547,172055419,11232016,11265366,2.0,2.0,4.0,1.5,2.5,2.5
548,172055424,11265366,11239033,1.0,4.0,5.0,1.083,7.0,2.5
549,172055426,11232016,11256863,2.0,2.0,4.0,1.142,5.0,2.5
550,172055428,11265366,11234837,2.0,2.0,4.0,1.166,4.5,2.5
551,172055430,11256863,11239033,4.0,2.0,6.0,1.03,10.0,2.5
552,172055432,11232016,11234837,2.0,3.0,5.0,1.083,7.0,2.5
553,172055434,11256863,11265366,3.0,0.0,3.0,1.25,3.75,2.5
554,172055436,11256863,11234837,3.0,1.0,4.0,1.071,7.5,2.5
555,172055438,11239033,11232016,3.0,3.0,6.0,1.05,8.5,2.5
556,172055444,11239033,11234837,4.0,1.0,5.0,1.025,10.5,2.5
557,172055455,11265366,11232016,1.0,3.0,4.0,1.363,3.0,2.5
558,172071593,11265743,11239812,4.0,3.0,7.0,1.02,11.0,2.5
559,172071595,11222490,11255371,4.0,4.0,8.0,1.062,8.0,2.5
560,172071598,11243668,11239812,3.0,1.0,4.0,1.2,4.333,2.5
561,172071600,11265743,11222490,3.0,3.0,6.0,1.04,9.0,2.5
562,172071603,11243668,11255371,1.0,1.0,2.0,1.083,7.0,2.5
563,172071614,11239812,11222490,3.0,5.0,8.0,1.04,9.0,2.5
564,172071617,11243668,11222490,2.0,0.0,2.0,1.142,5.0,2.5
565,172071621,11255371,11265743,2.0,6.0,8.0,1.012,13.0,2.5
566,172071626,11243668,11265743,1.0,2.0,3.0,1.04,9.0,2.5
567,172071635,11255371,11239812,3.0,4.0,7.0,1.012,13.0,2.5
568,172071648,11239812,11265743,2.0,3.0,5.0,1.015,12.0,2.5
569,172071652,11255371,11222490,3.0,1.0,4.0,1.062,8.0,2.5
570,172071660,11239812,11243668,1.0,3.0,4.0,1.2,4.333,2.5
571,172071663,11222490,11265743,3.0,3.0,6.0,1.04,9.0,2.5
572,172071665,11255371,11243668,2.0,3.0,5.0,1.083,7.0,2.5
573,172071668,11222490,11239812,1.0,1.0,2.0,1.04,9.0,2.5
574,172071671,11222490,11243668,2.0,2.0,4.0,1.142,5.0,2.5
575,172071677,11265743,11243668,4.0,1.0,5.0,1.04,9.0,2.5
576,172071685,11239812,11255371,5.0,2.0,7.0,1.02,11.0,2.5
577,172071692,11265760,11249656,3.0,2.0,5.0,1.02,11.0,2.5
578,172071706,11265762,11249656,1.0,0.0,1.0,1.222,4.0,2.5
579,172071713,11265760,11227966,3.0,2.0,5.0,1.05,8.5,2.5
580,172071717,11265762,11265761,0.0,2.0,2.0,1.083,7.0,2.5
581,172071719,11249656,11227966,3.0,3.0,6.0,1.05,8.5,2.5
582,172071722,11265762,11227966,1.0,3.0,4.0,1.166,4.5,2.5
583,172071724,11265761,11265760,4.0,3.0,7.0,1.012,13.0,2.5
584,172071726,11265762,11265760,2.0,2.0,4.0,1.083,7.0,2.5
585,172071728,11265761,11249656,2.0,4.0,6.0,1.015,12.0,2.5
586,172071731,11249656,11265760,2.0,5.0,7.0,1.03,10.0,2.5
587,172071734,11265761,11227966,1.0,5.0,6.0,1.04,9.0,2.5
588,172071739,11249656,11265762,2.0,1.0,3.0,1.222,4.0,2.5
589,172071748,11227966,11265760,1.0,3.0,4.0,1.025,10.5,2.5
590,172071752,11265761,11265762,2.0,4.0,6.0,1.1,6.5,2.5
591,172071754,11227966,11249656,4.0,0.0,4.0,1.083,7.0,2.5
592,172071760,11227966,11265762,2.0,1.0,3.0,1.222,4.0,2.5
593,172071765,11265760,11265761,4.0,1.0,5.0,1.012,13.0,2.5
594,172071776,11265760,11265762,2.0,2.0,4.0,1.111,6.0,2.5
595,172071781,11249656,11265761,3.0,4.0,7.0,1.03,10.0,2.5
596,172071789,11263021,11222393,2.0,4.0,6.0,1.025,10.5,2.5
597,172071796,11253035,11265796,3.0,3.0,6.0,1.062,8.0,2.5
598,172071798,11228052,11222393,3.0,1.0,4.0,1.222,4.0,2.5
599,172071800,11263021,11253035,4.0,4.0,8.0,1.04,9.0,2.5
600,172071802,11228052,11265796,1.0,2.0,3.0,1.142,5.0,2.5
601,172071804,11222393,11253035,4.0,1.0,5.0,1.1,6.5,2.5
602,172071813,11228052,11253035,1.0,1.0,2.0,1.166,4.5,2.5
603,172071819,11265796,11263021,2.0,5.0,7.0,1.015,12.0,2.5
604,172071824,11228052,11263021,1.0,5.0,6.0,1.125,5.5,2.5
605,172071827,11265796,11222393,5.0,4.0,9.0,1.025,10.5,2.5
606,172071829,11222393,11263021,3.0,4.0,7.0,1.03,10.0,2.5
607,172071837,11265796,11253035,4.0,3.0,7.0,1.04,9.0,2.5
608,172071842,11222393,11228052,2.0,2.0,4.0,1.166,4.5,2.5
609,172071844,11253035,11263021,0.0,2.0,2.0,1.05,8.5,2.5
610,172071846,11265796,11228052,2.0,5.0,7.0,1.125,5.5,2.5
611,172071848,11253035,11222393,1.0,3.0,4.0,1.083,7.0,2.5
612,172071851,11253035,11228052,2.0,2.0,4.0,1.166,4.5,2.5
613,172071853,11263021,11265796,4.0,1.0,5.0,1.015,12.0,2.5
614,172071855,11263021,11228052,4.0,2.0,6.0,1.1,6.5,2.5
615,172071858,11222393,11265796,6.0,3.0,9.0,1.02,11.0,2.5
616,172088896,11252536,11254824,4.0,2.0,6.0,1.062,8.0,2.5
617,172088899,11254819,11265823,2.0,2.0,4.0,1.111,6.0,2.5
618,172088903,11254827,11254824,2.0,4.0,6.0,1.071,7.5,2.5
619,172088905,11252536,11254819,4.0,4.0,8.0,1.062,8.0,2.5
620,172088911,11254827,11265823,3.0,4.0,7.0,1.2,4.333,2.5
621,172088919,11254824,11254819,2.0,2.0,4.0,1.062,8.0,2.5
622,172088928,11254827,11254819,2.0,2.0,4.0,1.071,7.5,2.5
623,172088933,11265823,11252536,3.0,1.0,4.0,1.125,5.5,2.5
624,172088937,11254827,11252536,3.0,0.0,3.0,1.111,6.0,2.5
625,172088941,11265823,11254824,3.0,0.0,3.0,1.125,5.5,2.5
626,172088943,11254824,11252536,5.0,2.0,7.0,1.04,9.0,2.5
627,172088945,11265823,11254819,3.0,3.0,6.0,1.125,5.5,2.5
628,172088947,11254824,11254827,5.0,4.0,9.0,1.04,9.0,2.5
629,172088950,11254819,11252536,2.0,2.0,4.0,1.03,10.0,2.5
630,172088959,11265823,11254827,5.0,4.0,9.0,1.1,6.5,2.5
631,172088963,11254819,11254824,3.0,0.0,3.0,1.071,7.5,2.5
632,172088967,11254819,11254827,3.0,3.0,6.0,1.1,6.5,2.5
633,172088971,11252536,11265823,4.0,4.0,8.0,1.111,6.0,2.5
634,172088974,11252536,11254827,4.0,3.0,7.0,1.125,5.5,2.5
635,172088981,11254824,11265823,2.0,3.0,5.0,1.142,5.0,2.5
636,172088986,11254034,11265959,2.0,5.0,7.0,1.04,9.0,2.5
637,172088988,11258245,11254032,2.0,1.0,3.0,1.1,6.5,2.5
638,172088991,11254021,11265959,1.0,4.0,5.0,1.02,11.0,2.5
639,172088993,11254034,11258245,2.0,4.0,6.0,1.05,8.5,2.5
640,172088995,11254021,11254032,3.0,4.0,7.0,1.2,4.333,2.5
641,172088997,11265959,11258245,4.0,2.0,6.0,1.062,8.0,2.5
642,172116123,11240475,11241878,3.0,4.0,7.0,1.166,4.5,2.5
643,172088999,11254021,11258245,2.0,4.0,6.0,1.071,7.5,2.5
644,172089001,11254032,11254034,5.0,0.0,5.0,1.142,5.0,2.5
645,172116135,11250181,11241878,3.0,3.0,6.0,1.3,3.4,2.5
646,172089010,11254021,11254034,4.0,2.0,6.0,1.111,6.0,2.5
647,172089012,11254032,11265959,3.0,3.0,6.0,1.166,4.5,2.5
648,172116145,11250181,11265961,2.0,0.0,2.0,1.533,2.375,2.5
649,172116155,11265961,11240475,1.0,1.0,2.0,1.3,3.4,2.5
650,172089015,11265959,11254034,2.0,2.0,4.0,1.04,9.0,2.5
651,172089018,11254032,11258245,1.0,2.0,3.0,1.111,6.0,2.5
652,172116159,11250181,11240475,2.0,3.0,5.0,1.166,4.5,2.5
653,172116166,11265961,11241878,2.0,3.0,5.0,1.363,3.0,2.5
654,172089023,11265959,11254021,6.0,2.0,8.0,1.025,10.5,2.5
655,172089045,11258245,11254034,2.0,6.0,8.0,1.04,9.0,2.5
656,172116169,11241878,11240475,0.0,0.0,0.0,1.1,6.5,2.5
657,172089049,11254032,11254021,0.0,0.0,0.0,1.062,8.0,2.5
658,172089063,11258245,11265959,1.0,2.0,3.0,1.062,8.0,2.5
659,172116186,11241878,11250181,2.0,2.0,4.0,1.222,4.0,2.5
660,172089065,11258245,11254021,0.0,5.0,5.0,1.071,7.5,2.5
661,172089079,11254034,11254032,1.0,4.0,5.0,1.083,7.0,2.5
662,172116194,11265961,11250181,1.0,0.0,1.0,1.4,2.75,2.5
663,172089081,11254034,11254021,2.0,3.0,5.0,1.1,6.5,2.5
664,172089083,11265959,11254032,2.0,2.0,4.0,1.142,5.0,2.5
665,172116222,11240475,11265961,1.0,1.0,2.0,1.4,2.75,2.5
666,172089086,11251462,11266032,3.0,3.0,6.0,1.05,8.5,2.5
667,172089091,11252579,11251458,3.0,5.0,8.0,1.05,8.5,2.5
668,172116228,11240475,11250181,4.0,2.0,6.0,1.142,5.0,2.5
669,172116233,11241878,11265961,4.0,1.0,5.0,1.363,3.0,2.5
670,172089101,11266034,11266032,3.0,5.0,8.0,1.04,9.0,2.5
671,172089105,11251462,11252579,3.0,1.0,4.0,1.062,8.0,2.5
672,172116237,11235164,11246022,5.0,6.0,11.0,1.125,5.5,2.5
673,172089107,11266034,11251458,2.0,3.0,5.0,1.125,5.5,2.5
674,172089111,11266032,11252579,5.0,1.0,6.0,1.1,6.5,2.5
675,172116243,11231510,11246022,2.0,3.0,5.0,1.25,3.75,2.5
676,172089128,11251458,11251462,3.0,2.0,5.0,1.1,6.5,2.5
677,172089118,11266034,11252579,2.0,3.0,5.0,1.062,8.0,2.5
678,172116249,11231510,11239752,2.0,0.0,2.0,1.571,2.35,2.5
679,172089132,11266034,11251462,1.0,1.0,2.0,1.125,5.5,2.5
680,172089138,11251458,11266032,1.0,5.0,6.0,1.142,5.0,2.5
681,172116274,11239752,11235164,3.0,0.0,3.0,1.333,3.25,2.5
682,172089141,11266032,11251462,2.0,3.0,5.0,1.04,9.0,2.5
683,172089143,11251458,11252579,5.0,2.0,7.0,1.05,8.5,2.5
684,172116278,11231510,11235164,6.0,4.0,10.0,1.125,5.5,2.5
685,172089145,11266032,11266034,3.0,0.0,3.0,1.04,9.0,2.5
686,172089147,11252579,11251462,1.0,2.0,3.0,1.062,8.0,2.5
687,172089149,11251458,11266034,0.0,0.0,0.0,1.111,6.0,2.5
688,172089160,11252579,11266032,0.0,0.0,0.0,1.083,7.0,2.5
689,172116290,11246022,11235164,0.0,0.0,0.0,1.083,7.0,2.5
690,172089163,11252579,11266034,0.0,1.0,1.0,1.062,8.0,2.5
691,172089167,11251462,11251458,3.0,2.0,5.0,1.083,7.0,2.5
692,172116299,11246022,11231510,0.0,1.0,1.0,1.222,4.0,2.5
693,172089176,11266032,11251458,1.0,5.0,6.0,1.125,5.5,2.5
694,172116305,11239752,11231510,0.0,2.0,2.0,1.533,2.375,2.5
695,172116316,11235164,11239752,2.0,1.0,3.0,1.363,3.0,2.5
696,172116320,11235164,11231510,1.0,3.0,4.0,1.111,6.0,2.5
697,172116328,11246022,11239752,6.0,2.0,8.0,1.285,3.5,2.5
698,172116455,11229361,11226627,0.0,3.0,3.0,1.363,3.0,2.5
699,172116462,11254957,11266068,4.0,3.0,7.0,1.142,5.0,2.5
700,172116333,11266069,11233896,2.0,3.0,5.0,1.083,7.0,2.5
701,172116467,11238257,11226627,0.0,1.0,1.0,1.285,3.5,2.5
702,172116470,11229361,11254957,1.0,1.0,2.0,1.2,4.333,2.5
703,172116339,11235088,11233896,3.0,3.0,6.0,1.3,3.4,2.5
704,172116473,11238257,11266068,4.0,2.0,6.0,1.062,8.0,2.5
705,172116476,11226627,11254957,1.0,1.0,2.0,1.25,3.75,2.5
706,172116354,11235088,11266081,3.0,2.0,5.0,1.5,2.5,2.5
707,172116479,11238257,11254957,1.0,0.0,1.0,1.4,2.75,2.5
708,172116486,11266068,11229361,1.0,3.0,4.0,1.04,9.0,2.5
709,172116373,11266081,11266069,2.0,2.0,4.0,1.285,3.5,2.5
710,172116495,11238257,11229361,1.0,2.0,3.0,1.111,6.0,2.5
711,172116500,11266068,11226627,1.0,1.0,2.0,1.142,5.0,2.5
712,172116398,11233896,11235088,4.0,4.0,8.0,1.2,4.333,2.5
713,172116528,11266068,11238257,5.0,2.0,7.0,1.04,9.0,2.5
714,172116417,11266081,11235088,1.0,1.0,2.0,1.333,3.25,2.5
715,172116535,11254957,11238257,3.0,0.0,3.0,1.4,2.75,2.5
716,172116538,11229361,11266068,2.0,0.0,2.0,1.071,7.5,2.5
717,172116431,11266069,11266081,2.0,1.0,3.0,1.25,3.75,2.5
718,172116541,11229361,11238257,2.0,2.0,4.0,1.1,6.5,2.5
719,172116546,11226627,11266068,0.0,3.0,3.0,1.222,4.0,2.5
720,172116438,11266069,11235088,2.0,2.0,4.0,1.166,4.5,2.5
721,172116449,11233896,11266081,2.0,0.0,2.0,1.3,3.4,2.5
722,172116549,11230360,11230361,0.0,1.0,1.0,1.4,2.75,2.5
723,172116554,11266091,11260207,2.0,2.0,4.0,1.142,5.0,2.5
724,172116562,11254318,11230361,2.0,2.0,4.0,1.285,3.5,2.5
725,172116565,11230360,11266091,2.0,1.0,3.0,1.25,3.75,2.5
726,172116568,11254318,11260207,4.0,3.0,7.0,1.071,7.5,2.5
727,172116571,11230361,11266091,3.0,1.0,4.0,1.166,4.5,2.5
728,172116576,11254318,11266091,1.0,4.0,5.0,1.3,3.4,2.5
729,172116583,11260207,11230360,1.0,4.0,5.0,1.125,5.5,2.5
730,172116586,11254318,11230360,5.0,2.0,7.0,1.1,6.5,2.5
731,172116590,11260207,11230361,3.0,3.0,6.0,1.25,3.75,2.5
732,172058630,11232155,11237991,0.0,1.0,1.0,1.142,5.0,2.5
733,172058635,11232156,11222695,1.0,1.0,2.0,1.142,5.0,2.5
734,172058016,11225716,11228910,0.0,1.0,1.0,1.142,5.0,2.5
735,172058024,11225723,11227232,1.0,2.0,3.0,1.2,4.333,2.5
736,172058640,11222695,11232155,2.0,2.0,4.0,1.2,4.333,2.5
737,172058644,11237991,11223211,2.0,3.0,5.0,1.142,5.0,2.5
738,172058648,11223211,11222695,1.0,1.0,2.0,1.222,4.0,2.5
739,172058652,11232155,11232156,2.0,2.0,4.0,1.142,5.0,2.5
740,172058035,11227232,11224382,4.0,2.0,6.0,1.062,8.0,2.5
741,172058038,11225723,11225716,0.0,3.0,3.0,1.111,6.0,2.5
742,172058662,11223211,11232156,1.0,0.0,1.0,1.2,4.333,2.5
743,172058688,11237991,11232155,3.0,3.0,6.0,1.166,4.5,2.5
744,172058697,11222695,11232156,2.0,1.0,3.0,1.2,4.333,2.5
745,172058704,11232155,11222695,3.0,2.0,5.0,1.2,4.333,2.5
746,172058708,11223211,11237991,1.0,1.0,2.0,1.142,5.0,2.5
747,172058071,11225716,11227232,2.0,3.0,5.0,1.125,5.5,2.5
748,172058083,11224382,11228910,2.0,0.0,2.0,1.1,6.5,2.5
749,172058710,11222695,11223211,1.0,1.0,2.0,1.285,3.5,2.5
750,172058712,11232156,11232155,3.0,2.0,5.0,1.142,5.0,2.5
751,172058089,11224407,11227241,5.0,3.0,8.0,1.062,8.0,2.5
752,172058096,11225747,11225751,6.0,1.0,7.0,1.125,5.5,2.5
753,172058101,11225751,11224407,2.0,6.0,8.0,1.142,5.0,2.5
754,172058105,11227241,11228915,4.0,2.0,6.0,1.2,4.333,2.5
755,172058714,11222791,11223255,1.0,2.0,3.0,1.222,4.0,2.5
756,172058716,11259951,11225756,5.0,2.0,7.0,1.333,3.25,2.5
757,172058110,11228915,11225751,3.0,1.0,4.0,1.222,4.0,2.5
758,172058116,11224407,11225747,1.0,0.0,1.0,1.04,9.0,2.5
759,172058718,11225756,11222791,4.0,4.0,8.0,1.2,4.333,2.5
760,172058722,11223255,11232200,4.0,3.0,7.0,1.2,4.333,2.5
761,172058120,11225747,11228915,6.0,0.0,6.0,1.071,7.5,2.5
762,172058129,11225751,11227241,1.0,1.0,2.0,1.2,4.333,2.5
763,172058732,11232200,11225756,2.0,2.0,4.0,1.142,5.0,2.5
764,172058737,11222791,11259951,1.0,1.0,2.0,1.166,4.5,2.5
765,172058138,11227241,11225747,5.0,2.0,7.0,1.05,8.5,2.5
766,172058144,11228915,11224407,2.0,2.0,4.0,1.1,6.5,2.5
767,172058742,11259951,11232200,2.0,2.0,4.0,1.222,4.0,2.5
768,172058746,11225756,11223255,5.0,0.0,5.0,1.166,4.5,2.5
769,172058174,11224407,11225751,0.0,2.0,2.0,1.142,5.0,2.5
770,172058185,11228915,11227241,3.0,3.0,6.0,1.166,4.5,2.5
771,172058766,11223255,11222791,2.0,1.0,3.0,1.222,4.0,2.5
772,172058768,11225756,11259951,4.0,0.0,4.0,1.333,3.25,2.5
773,172058191,11225751,11228915,1.0,4.0,5.0,1.222,4.0,2.5
774,172058195,11225747,11224407,7.0,2.0,9.0,1.04,9.0,2.5
775,172058772,11222791,11225756,1.0,2.0,3.0,1.2,4.333,2.5
776,172058774,11232200,11223255,4.0,4.0,8.0,1.166,4.5,2.5
777,172058199,11228915,11225747,2.0,2.0,4.0,1.083,7.0,2.5
778,172058204,11227241,11225751,4.0,2.0,6.0,1.2,4.333,2.5
779,172058776,11225756,11232200,4.0,5.0,9.0,1.142,5.0,2.5
780,172058779,11259951,11222791,1.0,2.0,3.0,1.2,4.333,2.5
781,172058782,11232200,11259951,0.0,2.0,2.0,1.25,3.75,2.5
782,172058798,11259951,11223255,1.0,3.0,4.0,1.285,3.5,2.5
783,172058802,11222791,11232200,1.0,2.0,3.0,1.125,5.5,2.5
784,172101374,11224446,11257891,1.0,4.0,5.0,1.05,8.5,2.5
785,172101378,11259009,11227264,2.0,3.0,5.0,1.142,5.0,2.5
786,172058806,11232216,11223311,2.0,4.0,6.0,1.222,4.0,2.5
787,172058813,11222790,11225778,2.0,3.0,5.0,1.333,3.25,2.5
788,172101551,11259009,11224446,2.0,2.0,4.0,1.1,6.5,2.5
789,172101555,11227264,11257891,1.0,1.0,2.0,1.062,8.0,2.5
790,172058817,11225778,11232216,4.0,1.0,5.0,1.2,4.333,2.5
791,172058828,11223311,11230372,0.0,2.0,2.0,1.125,5.5,2.5
792,172101563,11257891,11259009,1.0,1.0,2.0,1.083,7.0,2.5
793,172101565,11227264,11224446,4.0,1.0,5.0,1.083,7.0,2.5
794,172058843,11222790,11230372,1.0,1.0,2.0,1.25,3.75,2.5
795,172058845,11225778,11223311,3.0,3.0,6.0,1.166,4.5,2.5
796,172058850,11230372,11232216,1.0,2.0,3.0,1.125,5.5,2.5
797,172058847,11223311,11222790,3.0,0.0,3.0,1.25,3.75,2.5
798,172058852,11223311,11232216,1.0,2.0,3.0,1.222,4.0,2.5
799,172058864,11225778,11222790,3.0,3.0,6.0,1.3,3.4,2.5
800,172101583,11257891,11259009,3.0,2.0,5.0,1.083,7.0,2.5
801,172101585,11227264,11224446,5.0,2.0,7.0,1.083,7.0,2.5
802,172058888,11225778,11230372,0.0,4.0,4.0,1.111,6.0,2.5
803,172058894,11222790,11232216,1.0,5.0,6.0,1.2,4.333,2.5
804,172101591,11259009,11224446,2.0,4.0,6.0,1.083,7.0,2.5
805,172101593,11227264,11257891,4.0,5.0,9.0,1.1,6.5,2.5
806,172073989,11223333,11234592,5.0,3.0,8.0,1.071,7.5,2.5
807,172073996,11223336,11223332,2.0,2.0,4.0,1.025,10.5,2.5
808,172073999,11223332,11223333,2.0,0.0,2.0,1.071,7.5,2.5
809,172074001,11234592,11235556,2.0,2.0,4.0,1.05,8.5,2.5
810,172082679,11265758,11265759,2.0,2.0,4.0,1.4,2.75,2.5
811,172074003,11235556,11223332,1.0,2.0,3.0,1.071,7.5,2.5
812,172074005,11223333,11223336,2.0,6.0,8.0,1.1,6.5,2.5
813,172082683,11265756,11265758,4.0,1.0,5.0,1.2,4.333,2.5
814,172082692,11265757,11265759,1.0,3.0,4.0,1.166,4.5,2.5
815,172074008,11223336,11235556,1.0,2.0,3.0,1.083,7.0,2.5
816,172074011,11223332,11234592,4.0,3.0,7.0,1.062,8.0,2.5
817,172082705,11265759,11265756,1.0,0.0,1.0,1.444,2.625,2.5
818,172082709,11265757,11265758,1.0,3.0,4.0,1.2,4.333,2.5
819,172074014,11234592,11223336,3.0,1.0,4.0,1.05,8.5,2.5
820,172074022,11235556,11223333,1.0,5.0,6.0,1.142,5.0,2.5
821,172082714,11265758,11265759,3.0,4.0,7.0,1.333,3.25,2.5
822,172082719,11265756,11265757,2.0,3.0,5.0,1.111,6.0,2.5
823,172074025,11234592,11223333,3.0,3.0,6.0,1.071,7.5,2.5
824,172074027,11223332,11223336,4.0,2.0,6.0,1.04,9.0,2.5
825,172074029,11223333,11223332,3.0,3.0,6.0,1.111,6.0,2.5
826,172074033,11235556,11234592,3.0,2.0,5.0,1.071,7.5,2.5
827,172074040,11223332,11235556,3.0,6.0,9.0,1.071,7.5,2.5
828,172074043,11223336,11223333,1.0,5.0,6.0,1.071,7.5,2.5
829,172082735,11265759,11265756,1.0,2.0,3.0,1.285,3.5,2.5
830,172082737,11265757,11265758,5.0,2.0,7.0,1.142,5.0,2.5
831,172074045,11235556,11223336,5.0,5.0,10.0,1.083,7.0,2.5
832,172074047,11234592,11223332,0.0,2.0,2.0,1.062,8.0,2.5
833,172082739,11265758,11265759,1.0,3.0,4.0,1.285,3.5,2.5
834,172082741,11265756,11265757,2.0,1.0,3.0,1.125,5.5,2.5
835,172074051,11223336,11234592,3.0,3.0,6.0,1.05,8.5,2.5
836,172074053,11223333,11235556,2.0,1.0,3.0,1.111,6.0,2.5
837,172082743,11265756,11265758,6.0,1.0,7.0,1.2,4.333,2.5
838,172082745,11265757,11265759,6.0,3.0,9.0,1.166,4.5,2.5
839,172082750,11265759,11265756,2.0,1.0,3.0,1.285,3.5,2.5
840,172082758,11265757,11265758,2.0,2.0,4.0,1.125,5.5,2.5
841,172082760,11265787,11265788,3.0,2.0,5.0,1.3,3.4,2.5
842,172082762,11265789,11265790,0.0,4.0,4.0,1.142,5.0,2.5
843,172074079,11223409,11223412,4.0,1.0,5.0,1.083,7.0,2.5
844,172074077,11235635,11223408,3.0,4.0,7.0,1.062,8.0,2.5
845,172082777,11265790,11265787,3.0,4.0,7.0,1.111,6.0,2.5
846,172082775,11265788,11265789,3.0,5.0,8.0,1.363,3.0,2.5
847,172082779,11265787,11265788,4.0,1.0,5.0,1.25,3.75,2.5
848,172082788,11265789,11265790,3.0,2.0,5.0,1.142,5.0,2.5
849,172074113,11234655,11223409,3.0,5.0,8.0,1.062,8.0,2.5
850,172074118,11223408,11223412,1.0,0.0,1.0,1.04,9.0,2.5
851,172074120,11223409,11223408,3.0,5.0,8.0,1.125,5.5,2.5
852,172074122,11235635,11234655,3.0,1.0,4.0,1.071,7.5,2.5
853,172082791,11265789,11265787,4.0,2.0,6.0,1.2,4.333,2.5
854,172082793,11265790,11265788,0.0,3.0,3.0,1.222,4.0,2.5
855,172074124,11223408,11235635,5.0,4.0,9.0,1.04,9.0,2.5
856,172082795,11265788,11265789,2.0,1.0,3.0,1.25,3.75,2.5
857,172082798,11265790,11265787,4.0,4.0,8.0,1.083,7.0,2.5
858,172074140,11235635,11223412,3.0,5.0,8.0,1.062,8.0,2.5
859,172074144,11234655,11223408,1.0,1.0,2.0,1.062,8.0,2.5
860,172082807,11265787,11265788,1.0,0.0,1.0,1.25,3.75,2.5
861,172082813,11265789,11265790,0.0,2.0,2.0,1.166,4.5,2.5
862,172074148,11223412,11234655,6.0,4.0,10.0,1.05,8.5,2.5
863,172074152,11223409,11235635,1.0,1.0,2.0,1.111,6.0,2.5
864,172082818,11265789,11265787,2.0,0.0,2.0,1.222,4.0,2.5
865,172082820,11265790,11265788,0.0,4.0,4.0,1.2,4.333,2.5
866,172082827,11265788,11265789,4.0,4.0,8.0,1.333,3.25,2.5
867,172082838,11265790,11265787,3.0,4.0,7.0,1.1,6.5,2.5
868,172074158,11223452,11234666,4.0,3.0,7.0,1.05,8.5,2.5
869,172074165,11223457,11223451,4.0,5.0,9.0,1.03,10.0,2.5
870,172074172,11234666,11235651,4.0,2.0,6.0,1.05,8.5,2.5
871,172074170,11223451,11223452,4.0,5.0,9.0,1.083,7.0,2.5
872,172082849,11242759,11243109,4.0,1.0,5.0,1.25,3.75,2.5
873,172082855,11265820,11265821,4.0,2.0,6.0,1.2,4.333,2.5
874,172074175,11235651,11223451,5.0,3.0,8.0,1.04,9.0,2.5
875,172074177,11223452,11223457,4.0,3.0,7.0,1.062,8.0,2.5
876,172082860,11265820,11242759,1.0,3.0,4.0,1.2,4.333,2.5
877,172082863,11265821,11243109,0.0,2.0,2.0,1.2,4.333,2.5
878,172074179,11223457,11235651,4.0,3.0,7.0,1.05,8.5,2.5
879,172074182,11223451,11234666,1.0,2.0,3.0,1.083,7.0,2.5
880,172082867,11265821,11242759,3.0,2.0,5.0,1.083,7.0,2.5
881,172082865,11243109,11265820,2.0,3.0,5.0,1.25,3.75,2.5
882,172074184,11234666,11223457,3.0,1.0,4.0,1.04,9.0,2.5
883,172074187,11235651,11223452,3.0,2.0,5.0,1.111,6.0,2.5
884,172082869,11242759,11243109,1.0,4.0,5.0,1.166,4.5,2.5
885,172082874,11265820,11265821,7.0,3.0,10.0,1.2,4.333,2.5
886,172074197,11234666,11223452,2.0,4.0,6.0,1.04,9.0,2.5
887,172074200,11223451,11223457,1.0,2.0,3.0,1.025,10.5,2.5
888,172074202,11223452,11223451,1.0,3.0,4.0,1.071,7.5,2.5
889,172074205,11235651,11234666,3.0,4.0,7.0,1.062,8.0,2.5
890,172082885,11265820,11242759,2.0,1.0,3.0,1.222,4.0,2.5
891,172082889,11265821,11243109,2.0,0.0,2.0,1.222,4.0,2.5
892,172074210,11223451,11235651,3.0,6.0,9.0,1.03,10.0,2.5
893,172074217,11223457,11223452,3.0,2.0,5.0,1.05,8.5,2.5
894,172082893,11243109,11265820,1.0,3.0,4.0,1.2,4.333,2.5
895,172082895,11265821,11242759,3.0,3.0,6.0,1.111,6.0,2.5
896,172074220,11235651,11223457,3.0,2.0,5.0,1.05,8.5,2.5
897,172074222,11234666,11223451,2.0,5.0,7.0,1.1,6.5,2.5
898,172074239,11223457,11234666,2.0,4.0,6.0,1.04,9.0,2.5
899,172074268,11223452,11235651,3.0,3.0,6.0,1.1,6.5,2.5
900,172082919,11265821,11242759,3.0,3.0,6.0,1.083,7.0,2.5
901,172074325,11223528,11223524,3.0,5.0,8.0,1.062,8.0,2.5
902,172074353,11223524,11223525,2.0,2.0,4.0,1.1,6.5,2.5
903,172074385,11234693,11228362,3.0,5.0,8.0,1.05,8.5,2.5
904,172082923,11265863,11265864,5.0,2.0,7.0,1.142,5.0,2.5
905,172074421,11228362,11223524,5.0,6.0,11.0,1.03,10.0,2.5
906,172074451,11223525,11223528,4.0,2.0,6.0,1.062,8.0,2.5
907,172082927,11265863,11265865,3.0,2.0,5.0,1.222,4.0,2.5
908,172074479,11223528,11228362,2.0,2.0,4.0,1.062,8.0,2.5
909,172074508,11223524,11234693,5.0,1.0,6.0,1.111,6.0,2.5
910,172082948,11265863,11265864,3.0,3.0,6.0,1.071,7.5,2.5
911,172074606,11223524,11223528,4.0,4.0,8.0,1.062,8.0,2.5
912,172082955,11265863,11265865,5.0,2.0,7.0,1.2,4.333,2.5
913,172082960,11265864,11243202,0.0,2.0,2.0,1.25,3.75,2.5
914,172074623,11223524,11228362,3.0,2.0,5.0,1.03,10.0,2.5
915,172074628,11223528,11223525,1.0,5.0,6.0,1.062,8.0,2.5
916,172082964,11265864,11265865,2.0,1.0,3.0,1.083,7.0,2.5
917,172082962,11243202,11265863,0.0,0.0,0.0,1.285,3.5,2.5
918,172074633,11228362,11223528,4.0,3.0,7.0,1.083,7.0,2.5
919,172074645,11234693,11223524,1.0,0.0,1.0,1.111,6.0,2.5
920,172082966,11265865,11243202,1.0,4.0,5.0,1.2,4.333,2.5
921,172082968,11265863,11265864,4.0,2.0,6.0,1.111,6.0,2.5
922,172074652,11223528,11234693,3.0,3.0,6.0,1.03,10.0,2.5
923,172074660,11223525,11228362,2.0,2.0,4.0,1.142,5.0,2.5
924,172082976,11265863,11265865,3.0,1.0,4.0,1.166,4.5,2.5
925,172082978,11265864,11243202,4.0,2.0,6.0,1.3,3.4,2.5
926,172082994,11265864,11265865,3.0,4.0,7.0,1.071,7.5,2.5
927,172113915,11243854,11252846,2.0,6.0,8.0,1.05,8.5,2.5
928,172113917,11240393,11248174,4.0,3.0,7.0,1.025,10.5,2.5
929,172113930,11245778,11248174,1.0,6.0,7.0,1.04,9.0,2.5
930,172113933,11243854,11240393,2.0,2.0,4.0,1.04,9.0,2.5
931,172113936,11240393,11245778,2.0,3.0,5.0,1.111,6.0,2.5
932,172113944,11248174,11252846,1.0,2.0,3.0,1.04,9.0,2.5
933,172113951,11240393,11252846,2.0,3.0,5.0,1.04,9.0,2.5
934,172113953,11243854,11245778,6.0,1.0,7.0,1.083,7.0,2.5
935,172113955,11252846,11243854,2.0,3.0,5.0,1.04,9.0,2.5
936,172113957,11248174,11240393,1.0,1.0,2.0,1.025,10.5,2.5
937,172113959,11243854,11248174,4.0,3.0,7.0,1.04,9.0,2.5
938,172113963,11245778,11252846,3.0,1.0,4.0,1.111,6.0,2.5
939,172113965,11248174,11245778,2.0,2.0,4.0,1.04,9.0,2.5
940,172113968,11240393,11243854,3.0,2.0,5.0,1.04,9.0,2.5
941,172113978,11245778,11240393,1.0,3.0,4.0,1.083,7.0,2.5
942,172113982,11252846,11248174,5.0,1.0,6.0,1.05,8.5,2.5
943,172113986,11252888,11240481,5.0,5.0,10.0,1.05,8.5,2.5
944,172113990,11245792,11243908,4.0,2.0,6.0,1.1,6.5,2.5
945,172114004,11240481,11248252,2.0,3.0,5.0,1.04,9.0,2.5
946,172113995,11243908,11252888,2.0,5.0,7.0,1.05,8.5,2.5
947,172114012,11248252,11243908,0.0,1.0,1.0,1.03,10.0,2.5
948,172114017,11252888,11245792,2.0,4.0,6.0,1.111,6.0,2.5
949,172114022,11245792,11248252,2.0,2.0,4.0,1.05,8.5,2.5
950,172114024,11243908,11240481,3.0,3.0,6.0,1.05,8.5,2.5
951,172114029,11240481,11245792,2.0,1.0,3.0,1.125,5.5,2.5
952,172114033,11248252,11252888,1.0,1.0,2.0,1.062,8.0,2.5
953,172114036,11240481,11252888,3.0,2.0,5.0,1.04,9.0,2.5
954,172114048,11243908,11245792,1.0,3.0,4.0,1.083,7.0,2.5
955,172114052,11252888,11243908,3.0,3.0,6.0,1.04,9.0,2.5
956,172114058,11248252,11240481,5.0,2.0,7.0,1.04,9.0,2.5
957,172114061,11243908,11248252,3.0,1.0,4.0,1.05,8.5,2.5
958,172114065,11245792,11252888,2.0,3.0,5.0,1.1,6.5,2.5
959,172114072,11248252,11245792,3.0,1.0,4.0,1.062,8.0,2.5
960,172114076,11240481,11243908,2.0,3.0,5.0,1.05,8.5,2.5
961,172114078,11245792,11240481,0.0,3.0,3.0,1.166,4.5,2.5
962,172114083,11252888,11248252,0.0,1.0,1.0,1.071,7.5,2.5
963,172114085,11254790,11240518,4.0,4.0,8.0,1.05,8.5,2.5
964,172114087,11246107,11243942,1.0,2.0,3.0,1.083,7.0,2.5
965,172114089,11243942,11254790,1.0,4.0,5.0,1.04,9.0,2.5
966,172114091,11240518,11248697,2.0,3.0,5.0,1.04,9.0,2.5
967,172114096,11248697,11243942,3.0,5.0,8.0,1.05,8.5,2.5
968,172114107,11254790,11246107,1.0,2.0,3.0,1.111,6.0,2.5
969,172114110,11246107,11248697,2.0,6.0,8.0,1.05,8.5,2.5
970,172114115,11243942,11240518,3.0,4.0,7.0,1.071,7.5,2.5
971,172114119,11240518,11246107,0.0,0.0,0.0,1.142,5.0,2.5
972,172114124,11248697,11254790,1.0,1.0,2.0,1.062,8.0,2.5
973,172114133,11240518,11254790,1.0,2.0,3.0,1.05,8.5,2.5
974,172114137,11243942,11246107,0.0,0.0,0.0,1.083,7.0,2.5
975,172114142,11254790,11243942,4.0,2.0,6.0,1.04,9.0,2.5
976,172114144,11248697,11240518,2.0,0.0,2.0,1.04,9.0,2.5
977,172114151,11248697,11246107,2.0,2.0,4.0,1.04,9.0,2.5
978,172114153,11240518,11243942,4.0,3.0,7.0,1.05,8.5,2.5
979,172114157,11246107,11240518,2.0,4.0,6.0,1.111,6.0,2.5
980,172114167,11254790,11248697,2.0,2.0,4.0,1.04,9.0,2.5
981,172114171,11237638,11224913,5.0,3.0,8.0,1.002,19.0,2.5
982,172114173,11228233,11231513,3.0,1.0,4.0,1.03,10.0,2.5
983,172114177,11231513,11237638,2.0,5.0,7.0,1.04,9.0,2.5
984,172114184,11224913,11231776,1.0,1.0,2.0,1.05,8.5,2.5
985,172113552,11227212,11226637,4.0,3.0,7.0,1.166,4.5,2.5
986,172113554,11237639,11225672,1.0,3.0,4.0,1.111,6.0,2.5
987,172114200,11231776,11231513,1.0,3.0,4.0,1.166,4.5,2.5
988,172114205,11237638,11228233,2.0,3.0,5.0,1.04,9.0,2.5
989,172113556,11225672,11227212,2.0,0.0,2.0,1.083,7.0,2.5
990,172114211,11228233,11231776,2.0,0.0,2.0,1.2,4.333,2.5
991,172114214,11231513,11224913,3.0,6.0,9.0,1.03,10.0,2.5
992,172113567,11230334,11225672,2.0,3.0,5.0,1.1,6.5,2.5
993,172113571,11227212,11237639,4.0,3.0,7.0,1.071,7.5,2.5
994,172114219,11231776,11237638,2.0,2.0,4.0,1.222,4.0,2.5
995,172114217,11224913,11228233,4.0,1.0,5.0,1.02,11.0,2.5
996,172113573,11230334,11237639,0.0,0.0,0.0,1.071,7.5,2.5
997,172113576,11226637,11225672,3.0,4.0,7.0,1.166,4.5,2.5
998,172114222,11224913,11237638,2.0,5.0,7.0,1.005,17.0,2.5
999,172114224,11231513,11228233,3.0,2.0,5.0,1.04,9.0,2.5
1000,172113579,11237639,11226637,3.0,2.0,5.0,1.111,6.0,2.5
1001,172113581,11227212,11230334,4.0,4.0,8.0,1.1,6.5,2.5
1002,172114232,11237638,11231513,3.0,6.0,9.0,1.04,9.0,2.5
1003,172114239,11231776,11224913,2.0,3.0,5.0,1.083,7.0,2.5
1004,172113583,11226637,11227212,3.0,3.0,6.0,1.111,6.0,2.5
1005,172113586,11225672,11237639,0.0,3.0,3.0,1.1,6.5,2.5
1006,172114245,11231513,11231776,5.0,1.0,6.0,1.142,5.0,2.5
1007,172114248,11228233,11237638,1.0,2.0,3.0,1.04,9.0,2.5
1008,172113591,11227212,11225672,5.0,0.0,5.0,1.083,7.0,2.5
1009,172113601,11230334,11226637,3.0,1.0,4.0,1.166,4.5,2.5
1010,172114253,11231776,11228233,0.0,1.0,1.0,1.2,4.333,2.5
1011,172114259,11224913,11231513,4.0,3.0,7.0,1.012,13.0,2.5
1012,172113606,11225672,11230334,4.0,2.0,6.0,1.111,6.0,2.5
1013,172113613,11237639,11227212,5.0,4.0,9.0,1.071,7.5,2.5
1014,172114266,11228233,11224913,4.0,2.0,6.0,1.02,11.0,2.5
1015,172114269,11237638,11231776,3.0,1.0,4.0,1.166,4.5,2.5
1016,172113619,11237649,11230347,1.0,1.0,2.0,1.083,7.0,2.5
1017,172113625,11225713,11226659,1.0,1.0,2.0,1.166,4.5,2.5
1018,172114272,11237644,11224934,2.0,6.0,8.0,1.005,17.0,2.5
1019,172114274,11228239,11231527,1.0,2.0,3.0,1.04,9.0,2.5
1020,172113637,11226659,11237649,1.0,5.0,6.0,1.1,6.5,2.5
1021,172113642,11230347,11227231,2.0,2.0,4.0,1.1,6.5,2.5
1022,172113652,11227231,11226659,3.0,3.0,6.0,1.125,5.5,2.5
1023,172113657,11237649,11225713,1.0,2.0,3.0,1.125,5.5,2.5
1024,172114276,11231527,11237644,8.0,3.0,11.0,1.025,10.5,2.5
1025,172114279,11224934,11231778,2.0,0.0,2.0,1.071,7.5,2.5
1026,172116594,11230361,11230360,0.0,0.0,0.0,1.444,2.625,2.5
1027,172116597,11260207,11266091,3.0,2.0,5.0,1.200,4.333,2.5
1028,172116600,11230361,11254318,4.0,0.0,4.0,1.363,3.000,2.5
1029,172116604,11266091,11230360,1.0,3.0,4.0,1.300,3.400,2.5
1030,172116606,11260207,11254318,0.0,1.0,1.0,1.071,7.500,2.5
1031,172116610,11266091,11230361,2.0,2.0,4.0,1.222,4.000,2.5
1032,172116622,11266091,11254318,1.0,1.0,2.0,1.400,2.750,2.5
1033,172116625,11230360,11260207,4.0,1.0,5.0,1.083,7.000,2.5
1034,172116630,11230360,11254318,2.0,1.0,3.0,1.166,4.500,2.5
1035,172116635,11230361,11260207,2.0,2.0,4.0,1.222,4.000,2.5
1036,172116640,11243091,11261493,3.0,2.0,5.0,1.400,2.750,2.5
1037,172116658,11253273,11261493,3.0,1.0,4.0,1.363,3.000,2.5
1038,172116662,11243091,11224612,1.0,2.0,3.0,1.400,2.750,2.5
1039,172116666,11253273,11234328,4.0,1.0,5.0,1.100,6.500,2.5
1040,172116671,11261493,11224612,3.0,4.0,7.0,1.222,4.000,2.5
1041,172116673,11253273,11224612,0.0,0.0,0.0,1.444,2.625,2.5
1042,172116676,11234328,11243091,1.0,3.0,4.0,1.050,8.500,2.5
1043,172116678,11253273,11243091,1.0,0.0,1.0,1.166,4.500,2.5
1044,172116683,11234328,11261493,4.0,3.0,7.0,1.166,4.500,2.5
1045,172116693,11261493,11243091,3.0,4.0,7.0,1.333,3.250,2.5
1046,172116701,11261493,11253273,4.0,1.0,5.0,1.285,3.500,2.5
1047,172116704,11224612,11243091,4.0,5.0,9.0,1.363,3.000,2.5
1048,172116708,11234328,11253273,2.0,2.0,4.0,1.083,7.000,2.5
1049,172116717,11224612,11261493,2.0,1.0,3.0,1.200,4.333,2.5
1050,172116720,11224612,11253273,1.0,1.0,2.0,1.571,2.350,2.5
1051,172116722,11243091,11234328,3.0,3.0,6.0,1.062,8.000,2.5
1052,172116724,11243091,11253273,2.0,2.0,4.0,1.142,5.000,2.5
1053,172116726,11261493,11234328,3.0,2.0,5.0,1.166,4.500,2.5
1054,172127041,11265743,11239812,3.0,4.0,7.0,1.025,10.500,2.5
1055,172127051,11222490,11255371,4.0,1.0,5.0,1.083,7.000,2.5
1056,172127062,11243668,11239812,2.0,2.0,4.0,1.222,4.000,2.5
1057,172127066,11265743,11222490,3.0,2.0,5.0,1.040,9.000,2.5
1058,172127071,11243668,11255371,2.0,3.0,5.0,1.083,7.000,2.5
1059,172127074,11239812,11222490,5.0,3.0,8.0,1.062,8.000,2.5
1060,172127077,11243668,11222490,2.0,2.0,4.0,1.200,4.333,2.5
1061,172127079,11255371,11265743,0.0,4.0,4.0,1.020,11.000,2.5
1062,172127081,11243668,11265743,4.0,2.0,6.0,1.050,8.500,2.5
1063,172127084,11255371,11239812,5.0,5.0,10.0,1.012,13.000,2.5
1064,172127102,11239812,11243668,1.0,3.0,4.0,1.222,4.000,2.5
1065,172127105,11222490,11265743,3.0,4.0,7.0,1.050,8.500,2.5
1066,172127109,11255371,11243668,2.0,4.0,6.0,1.125,5.500,2.5
1067,172127119,11222490,11239812,5.0,2.0,7.0,1.071,7.500,2.5
1068,172127122,11222490,11243668,2.0,0.0,2.0,1.200,4.333,2.5
1069,172127124,11265743,11255371,5.0,3.0,8.0,1.012,13.000,2.5
1070,172127126,11265743,11243668,3.0,3.0,6.0,1.062,8.000,2.5
1071,172127128,11239812,11255371,1.0,3.0,4.0,1.005,17.000,2.5
1072,172127130,11265760,11249656,4.0,5.0,9.0,1.015,12.000,2.5
1073,172127132,11227966,11265761,1.0,1.0,2.0,1.050,8.500,2.5
1074,172127134,11265762,11249656,1.0,1.0,2.0,1.222,4.000,2.5
1075,172127138,11265760,11227966,1.0,5.0,6.0,1.040,9.000,2.5
1076,172127148,11265762,11265761,2.0,1.0,3.0,1.083,7.000,2.5
1077,172127150,11249656,11227966,2.0,2.0,4.0,1.050,8.500,2.5
1078,172127153,11265762,11227966,1.0,1.0,2.0,1.200,4.333,2.5
1079,172127156,11265761,11265760,2.0,4.0,6.0,1.015,12.000,2.5
1080,172127161,11265762,11265760,2.0,2.0,4.0,1.100,6.500,2.5
1081,172127168,11265761,11249656,2.0,4.0,6.0,1.015,12.000,2.5
1082,172127172,11249656,11265760,3.0,3.0,6.0,1.012,13.000,2.5
1083,172127175,11265761,11227966,2.0,4.0,6.0,1.062,8.000,2.5
1084,172127178,11249656,11265762,2.0,0.0,2.0,1.222,4.000,2.5
1085,172127181,11227966,11265760,2.0,3.0,5.0,1.030,10.000,2.5
1086,172127183,11265761,11265762,3.0,0.0,3.0,1.083,7.000,2.5
1087,172127185,11227966,11249656,2.0,3.0,5.0,1.050,8.500,2.5
1088,172127188,11227966,11265762,2.0,1.0,3.0,1.200,4.333,2.5
1089,172127192,11265760,11265761,6.0,2.0,8.0,1.012,13.000,2.5
1090,172127204,11265760,11265762,4.0,3.0,7.0,1.083,7.000,2.5
1091,172127216,11249656,11265761,7.0,5.0,12.0,1.015,12.000,2.5
1092,172127219,11263021,11222393,3.0,3.0,6.0,1.015,12.000,2.5
1093,172127223,11253035,11265796,3.0,6.0,9.0,1.071,7.500,2.5
1094,172127258,11228052,11253035,1.0,2.0,3.0,1.222,4.000,2.5
1095,172127264,11228052,11263021,1.0,5.0,6.0,1.062,8.000,2.5
1096,172127266,11265796,11222393,2.0,5.0,7.0,1.010,15.000,2.5
1097,172127269,11222393,11263021,3.0,3.0,6.0,1.015,12.000,2.5
1098,172127276,11265796,11253035,5.0,3.0,8.0,1.050,8.500,2.5
1099,172127295,11265796,11228052,2.0,2.0,4.0,1.100,6.500,2.5
1100,172127301,11253035,11222393,1.0,2.0,3.0,1.071,7.500,2.5
1101,172127309,11253035,11228052,1.0,1.0,2.0,1.222,4.000,2.5
1102,172127316,11263021,11265796,7.0,4.0,11.0,1.010,15.000,2.5
1103,172127318,11263021,11228052,4.0,1.0,5.0,1.050,8.500,2.5
1104,172127320,11222393,11265796,2.0,3.0,5.0,1.015,12.000,2.5
1105,172172695,11229361,11226627,1.0,3.0,4.0,1.285,3.500,2.5
1106,172172700,11254957,11266068,1.0,1.0,2.0,1.111,6.000,2.5
1107,172172709,11229361,11254957,5.0,0.0,5.0,1.166,4.500,2.5
1108,172172713,11226627,11254957,1.0,0.0,1.0,1.142,5.000,2.5
1109,172172717,11266068,11229361,2.0,1.0,3.0,1.050,8.500,2.5
1110,172172731,11266068,11226627,0.0,2.0,2.0,1.166,4.500,2.5
1111,172172738,11266068,11254957,2.0,4.0,6.0,1.111,6.000,2.5
1112,172192947,11226627,11229361,0.0,0.0,0.0,1.400,2.750,2.5
1113,172172747,11254957,11229361,3.0,3.0,6.0,1.200,4.333,2.5
1114,172172754,11254957,11226627,2.0,3.0,5.0,1.142,5.000,2.5
1115,172172758,11229361,11266068,1.0,4.0,5.0,1.050,8.500,2.5
1116,172172764,11230360,11230361,3.0,2.0,5.0,1.500,2.500,2.5
1117,172172766,11266091,11260207,0.0,4.0,4.0,1.111,6.000,2.5
1118,172172778,11230360,11266091,4.0,1.0,5.0,1.200,4.333,2.5
1119,172172782,11230361,11266091,2.0,2.0,4.0,1.200,4.333,2.5
1120,172172791,11260207,11230360,0.0,3.0,3.0,1.062,8.000,2.5
1121,172172801,11260207,11230361,2.0,1.0,3.0,1.166,4.500,2.5
1122,172114281,11231778,11231527,5.0,1.0,6.0,1.100,6.500,2.5
1123,172114285,11237644,11228239,4.0,2.0,6.0,1.040,9.000,2.5
1124,172113660,11225713,11227231,1.0,1.0,2.0,1.111,6.000,2.5
1125,172113662,11226659,11230347,2.0,4.0,6.0,1.200,4.333,2.5
1126,172114292,11228239,11231778,1.0,2.0,3.0,1.250,3.750,2.5
1127,172114294,11231527,11224934,3.0,3.0,6.0,1.025,10.500,2.5
1128,172113664,11230347,11225713,7.0,0.0,7.0,1.100,6.500,2.5
1129,172113668,11227231,11237649,2.0,2.0,4.0,1.062,8.000,2.5
1130,172114296,11224934,11228239,3.0,2.0,5.0,1.025,10.500,2.5
1131,172114299,11231778,11237644,3.0,1.0,4.0,1.200,4.333,2.5
1132,172113678,11230347,11237649,2.0,1.0,3.0,1.083,7.000,2.5
1133,172113684,11226659,11225713,1.0,1.0,2.0,1.166,4.500,2.5
1134,172114304,11224934,11237644,4.0,2.0,6.0,1.005,17.000,2.5
1135,172114310,11231527,11228239,3.0,3.0,6.0,1.040,9.000,2.5
1136,172113691,11237649,11226659,1.0,2.0,3.0,1.100,6.500,2.5
1137,172113693,11227231,11230347,3.0,1.0,4.0,1.083,7.000,2.5
1138,172114312,11237644,11231527,1.0,2.0,3.0,1.030,10.000,2.5
1139,172114315,11231778,11224934,0.0,1.0,1.0,1.083,7.000,2.5
1140,172113697,11226659,11227231,0.0,4.0,4.0,1.111,6.000,2.5
1141,172113706,11225713,11237649,4.0,3.0,7.0,1.111,6.000,2.5
1142,172114317,11231527,11231778,2.0,1.0,3.0,1.100,6.500,2.5
1143,172114320,11228239,11237644,5.0,1.0,6.0,1.040,9.000,2.5
1144,172113710,11227231,11225713,4.0,2.0,6.0,1.083,7.000,2.5
1145,172113713,11230347,11226659,0.0,1.0,1.0,1.166,4.500,2.5
1146,172114322,11231778,11228239,4.0,2.0,6.0,1.250,3.750,2.5
1147,172114325,11224934,11231527,5.0,2.0,7.0,1.025,10.500,2.5
1148,172113715,11225713,11230347,3.0,4.0,7.0,1.100,6.500,2.5
1149,172113717,11237649,11227231,2.0,1.0,3.0,1.071,7.500,2.5
1150,172114328,11228239,11224934,4.0,3.0,7.0,1.020,11.000,2.5
1151,172114336,11237644,11231778,2.0,2.0,4.0,1.222,4.000,2.5
1152,172113721,11237747,11230368,3.0,1.0,4.0,1.111,6.000,2.5
1153,172113724,11225748,11226674,3.0,3.0,6.0,1.142,5.000,2.5
1154,172113726,11226674,11237747,2.0,4.0,6.0,1.111,6.000,2.5
1155,172113729,11230368,11227237,2.0,1.0,3.0,1.111,6.000,2.5
1156,172114343,11237782,11224945,3.0,2.0,5.0,1.005,17.000,2.5
1157,172114347,11228245,11258266,3.0,1.0,4.0,1.050,8.500,2.5
1158,172113737,11227237,11226674,7.0,0.0,7.0,1.100,6.500,2.5
1159,172113739,11237747,11225748,3.0,1.0,4.0,1.083,7.000,2.5
1160,172114349,11258266,11237782,5.0,1.0,6.0,1.040,9.000,2.5
1161,172114355,11224945,11231808,3.0,1.0,4.0,1.100,6.500,2.5
1162,172113744,11225748,11227237,3.0,2.0,5.0,1.083,7.000,2.5
1163,172113747,11226674,11230368,2.0,1.0,3.0,1.166,4.500,2.5
1164,172114361,11231808,11258266,1.0,4.0,5.0,1.125,5.500,2.5
1165,172114372,11237782,11228245,3.0,2.0,5.0,1.025,10.500,2.5
1166,172113752,11230368,11225748,3.0,2.0,5.0,1.100,6.500,2.5
1167,172113761,11227237,11237747,3.0,2.0,5.0,1.071,7.500,2.5
1168,172114377,11228245,11231808,2.0,2.0,4.0,1.200,4.333,2.5
1169,172114382,11258266,11224945,6.0,4.0,10.0,1.015,12.000,2.5
1170,172113764,11230368,11237747,3.0,4.0,7.0,1.071,7.500,2.5
1171,172113767,11226674,11225748,5.0,1.0,6.0,1.111,6.000,2.5
1172,172114385,11224945,11228245,2.0,1.0,3.0,1.020,11.000,2.5
1173,172114388,11231808,11237782,1.0,0.0,1.0,1.222,4.000,2.5
1174,172113771,11237747,11226674,3.0,1.0,4.0,1.111,6.000,2.5
1175,172113775,11227237,11230368,2.0,4.0,6.0,1.100,6.500,2.5
1176,172114398,11258266,11228245,2.0,4.0,6.0,1.050,8.500,2.5
1177,172113778,11226674,11227237,3.0,2.0,5.0,1.111,6.000,2.5
1178,172113781,11225748,11237747,3.0,2.0,5.0,1.083,7.000,2.5
1179,172114402,11237782,11258266,2.0,1.0,3.0,1.030,10.000,2.5
1180,172114414,11231808,11224945,2.0,2.0,4.0,1.100,6.500,2.5
1181,172113785,11227237,11225748,3.0,3.0,6.0,1.083,7.000,2.5
1182,172113792,11230368,11226674,1.0,2.0,3.0,1.166,4.500,2.5
1183,172114419,11258266,11231808,4.0,2.0,6.0,1.111,6.000,2.5
1184,172114423,11228245,11237782,3.0,0.0,3.0,1.050,8.500,2.5
1185,172113801,11225748,11230368,5.0,1.0,6.0,1.100,6.500,2.5
1186,172113805,11237747,11227237,4.0,5.0,9.0,1.071,7.500,2.5
1187,172114425,11231808,11228245,2.0,1.0,3.0,1.200,4.333,2.5
1188,172114429,11224945,11258266,5.0,4.0,9.0,1.025,10.500,2.5
1189,172114437,11228245,11224945,3.0,5.0,8.0,1.025,10.500,2.5
1190,172114440,11237782,11231808,0.0,1.0,1.0,1.200,4.333,2.5
1191,172113809,11259204,11230379,1.0,3.0,4.0,1.071,7.500,2.5
1192,172113813,11225770,11260655,1.0,3.0,4.0,1.142,5.000,2.5
1193,172114442,11225289,11224961,7.0,4.0,11.0,1.012,13.000,2.5
1194,172114445,11228253,11231554,3.0,3.0,6.0,1.040,9.000,2.5
1195,172113821,11260655,11259204,1.0,1.0,2.0,1.111,6.000,2.5
1196,172113832,11230379,11227252,3.0,5.0,8.0,1.100,6.500,2.5
1197,172114448,11231554,11225289,4.0,3.0,7.0,1.030,10.000,2.5
1198,172114450,11224961,11231823,4.0,2.0,6.0,1.100,6.500,2.5
1199,172113837,11227252,11260655,3.0,5.0,8.0,1.111,6.000,2.5
1200,172113843,11259204,11225770,4.0,4.0,8.0,1.100,6.500,2.5
1201,172114453,11231823,11231554,5.0,1.0,6.0,1.125,5.500,2.5
1202,172114455,11225289,11228253,0.0,3.0,3.0,1.062,8.000,2.5
1203,172113847,11225770,11227252,4.0,5.0,9.0,1.062,8.000,2.5
1204,172113849,11260655,11230379,5.0,0.0,5.0,1.166,4.500,2.5
1205,172114461,11228253,11231823,2.0,1.0,3.0,1.250,3.750,2.5
1206,172114466,11231554,11224961,3.0,5.0,8.0,1.025,10.500,2.5
1207,172113852,11230379,11225770,2.0,4.0,6.0,1.083,7.000,2.5
1208,172113854,11227252,11259204,6.0,2.0,8.0,1.062,8.000,2.5
1209,172114468,11224961,11228253,3.0,2.0,5.0,1.025,10.500,2.5
1210,172114470,11231823,11225289,3.0,2.0,5.0,1.222,4.000,2.5
1211,172113857,11230379,11259204,2.0,1.0,3.0,1.050,8.500,2.5
1212,172113865,11260655,11225770,0.0,4.0,4.0,1.142,5.000,2.5
1213,172114474,11224961,11225289,3.0,5.0,8.0,1.010,15.000,2.5
1214,172114481,11231554,11228253,4.0,5.0,9.0,1.050,8.500,2.5
1215,172113873,11259204,11260655,3.0,0.0,3.0,1.125,5.500,2.5
1216,172113877,11227252,11230379,1.0,2.0,3.0,1.071,7.500,2.5
1217,172114487,11225289,11231554,2.0,2.0,4.0,1.025,10.500,2.5
1218,172114490,11231823,11224961,1.0,3.0,4.0,1.083,7.000,2.5
1219,172113883,11260655,11227252,3.0,2.0,5.0,1.142,5.000,2.5
1220,172113888,11225770,11259204,7.0,3.0,10.0,1.100,6.500,2.5
1221,172114492,11231554,11231823,2.0,1.0,3.0,1.111,6.000,2.5
1222,172114494,11228253,11225289,6.0,1.0,7.0,1.040,9.000,2.5
1223,172114496,11231823,11228253,0.0,1.0,1.0,1.200,4.333,2.5
1224,172114504,11224961,11231554,4.0,4.0,8.0,1.020,11.000,2.5
1225,172113904,11225770,11230379,2.0,3.0,5.0,1.111,6.000,2.5
1226,172113906,11259204,11227252,2.0,4.0,6.0,1.050,8.500,2.5
1227,172114506,11228253,11224961,4.0,2.0,6.0,1.020,11.000,2.5
1228,172114508,11225289,11231823,2.0,1.0,3.0,1.200,4.333,2.5
1229,172133565,11223859,11223856,2.0,3.0,5.0,1.062,8.000,2.5
1230,172133568,11223860,11223858,4.0,4.0,8.0,1.050,8.500,2.5
1231,172133571,11223858,11223859,2.0,3.0,5.0,1.050,8.500,2.5
1232,172133574,11223856,11238302,1.0,3.0,4.0,1.071,7.500,2.5
1233,172133577,11238302,11223858,1.0,1.0,2.0,1.100,6.500,2.5
1234,172133580,11223859,11223860,2.0,5.0,7.0,1.062,8.000,2.5
1235,172133583,11223860,11238302,0.0,1.0,1.0,1.083,7.000,2.5
1236,172133588,11223858,11223856,0.0,3.0,3.0,1.100,6.500,2.5
1237,172133600,11223856,11223860,4.0,1.0,5.0,1.050,8.500,2.5
1238,172133605,11238302,11223859,6.0,3.0,9.0,1.071,7.500,2.5
1239,172133608,11223856,11223859,0.0,2.0,2.0,1.050,8.500,2.5
1240,172133613,11223858,11223860,0.0,4.0,4.0,1.050,8.500,2.5
1241,172133623,11223859,11223858,2.0,3.0,5.0,1.050,8.500,2.5
1242,172133635,11238302,11223856,4.0,3.0,7.0,1.100,6.500,2.5
1243,172133639,11223858,11238302,1.0,1.0,2.0,1.100,6.500,2.5
1244,172133644,11223860,11223859,4.0,1.0,5.0,1.100,6.500,2.5
1245,172133648,11238302,11223860,4.0,1.0,5.0,1.100,6.500,2.5
1246,172133650,11223856,11223858,4.0,2.0,6.0,1.100,6.500,2.5
1247,172133653,11223860,11223856,0.0,3.0,3.0,1.040,9.000,2.5
1248,172133655,11223859,11238302,3.0,3.0,6.0,1.050,8.500,2.5
1249,172133657,11223899,11223900,2.0,2.0,4.0,1.050,8.500,2.5
1250,172133668,11223902,11223898,6.0,1.0,7.0,1.040,9.000,2.5
1251,172133673,11223898,11223899,3.0,3.0,6.0,1.050,8.500,2.5
1252,172133676,11223900,11226934,2.0,0.0,2.0,1.083,7.000,2.5
1253,172133679,11226934,11223898,4.0,3.0,7.0,1.100,6.500,2.5
1254,172133685,11223899,11223902,3.0,3.0,6.0,1.083,7.000,2.5
1255,172133700,11223898,11223900,3.0,2.0,5.0,1.100,6.500,2.5
1256,172133693,11223902,11226934,3.0,3.0,6.0,1.100,6.500,2.5
1257,172133702,11223900,11223902,1.0,4.0,5.0,1.050,8.500,2.5
1258,172133704,11226934,11223899,1.0,4.0,5.0,1.062,8.000,2.5
1259,172133706,11223900,11223899,5.0,3.0,8.0,1.062,8.000,2.5
1260,172133709,11223898,11223902,3.0,3.0,6.0,1.050,8.500,2.5
1261,172133711,11223899,11223898,2.0,2.0,4.0,1.040,9.000,2.5
1262,172133713,11226934,11223900,2.0,3.0,5.0,1.083,7.000,2.5
1263,172133718,11223898,11226934,5.0,2.0,7.0,1.071,7.500,2.5
1264,172133725,11223902,11223899,1.0,4.0,5.0,1.062,8.000,2.5
1265,172133727,11226934,11223902,0.0,3.0,3.0,1.083,7.000,2.5
1266,172133729,11223900,11223898,4.0,3.0,7.0,1.100,6.500,2.5
1267,172133731,11223902,11223900,4.0,2.0,6.0,1.050,8.500,2.5
1268,172133739,11223899,11226934,2.0,5.0,7.0,1.062,8.000,2.5
1269,172133744,11223929,11223930,5.0,3.0,8.0,1.062,8.000,2.5
1270,172133758,11223937,11223928,5.0,9.0,14.0,1.050,8.500,2.5
1271,172133781,11223928,11223929,5.0,4.0,9.0,1.062,8.000,2.5
1272,172133783,11223930,11238353,3.0,3.0,6.0,1.071,7.500,2.5
1273,172133786,11238353,11223928,3.0,2.0,5.0,1.111,6.000,2.5
1274,172133788,11223929,11223937,3.0,2.0,5.0,1.071,7.500,2.5
1275,172133790,11223937,11238353,3.0,5.0,8.0,1.083,7.000,2.5
1276,172133793,11223928,11223930,3.0,3.0,6.0,1.083,7.000,2.5
1277,172133804,11223930,11223937,5.0,2.0,7.0,1.062,8.000,2.5
1278,172133810,11238353,11223929,6.0,4.0,10.0,1.071,7.500,2.5
1279,172133824,11223929,11223928,3.0,3.0,6.0,1.030,10.000,2.5
1280,172133832,11238353,11223930,2.0,1.0,3.0,1.071,7.500,2.5
1281,172133844,11223928,11238353,5.0,2.0,7.0,1.111,6.000,2.5
1282,172133849,11223937,11223929,1.0,4.0,5.0,1.071,7.500,2.5
1283,172133854,11238353,11223937,0.0,0.0,0.0,1.100,6.500,2.5
1284,172133857,11223930,11223928,3.0,0.0,3.0,1.062,8.000,2.5
1285,172133860,11223937,11223930,2.0,2.0,4.0,1.062,8.000,2.5
1286,172133862,11223929,11238353,1.0,2.0,3.0,1.050,8.500,2.5
1287,172133868,11224045,11224041,4.0,5.0,9.0,1.050,8.500,2.5
1288,172133864,11224042,11224043,4.0,3.0,7.0,1.050,8.500,2.5
1289,172133879,11224041,11224042,2.0,0.0,2.0,1.030,10.000,2.5
1290,172133883,11224043,11238388,0.0,2.0,2.0,1.071,7.500,2.5
1291,172133889,11238388,11224041,2.0,5.0,7.0,1.111,6.000,2.5
1292,172133892,11224042,11224045,3.0,3.0,6.0,1.071,7.500,2.5
1293,172133906,11224041,11224043,1.0,5.0,6.0,1.071,7.500,2.5
1294,172133897,11224045,11238388,1.0,0.0,1.0,1.083,7.000,2.5
1295,172133908,11224043,11224045,4.0,1.0,5.0,1.062,8.000,2.5
1296,172133911,11238388,11224042,0.0,1.0,1.0,1.062,8.000,2.5
1297,172133914,11224043,11224042,0.0,1.0,1.0,1.050,8.500,2.5
1298,172133916,11224041,11224045,1.0,3.0,4.0,1.040,9.000,2.5
1299,172133919,11224042,11224041,3.0,3.0,6.0,1.040,9.000,2.5
1300,172133926,11238388,11224043,4.0,5.0,9.0,1.100,6.500,2.5
1301,172133928,11224041,11238388,3.0,3.0,6.0,1.111,6.000,2.5
1302,172133934,11224045,11224042,1.0,3.0,4.0,1.071,7.500,2.5
1303,172133948,11238388,11224045,1.0,5.0,6.0,1.071,7.500,2.5
1304,172133951,11224043,11224041,0.0,2.0,2.0,1.071,7.500,2.5
1305,172133953,11224045,11224043,2.0,2.0,4.0,1.050,8.500,2.5
1306,172133958,11224042,11238388,1.0,1.0,2.0,1.062,8.000,2.5
1307,172167094,11243497,11248609,2.0,2.0,4.0,1.050,8.500,2.5
1308,172167098,11240764,11246021,3.0,0.0,3.0,1.222,4.000,2.5
1309,172167101,11246021,11243497,2.0,2.0,4.0,1.111,6.000,2.5
1310,172167104,11248609,11240769,2.0,4.0,6.0,1.030,10.000,2.5
1311,172167110,11240769,11246021,3.0,1.0,4.0,1.071,7.500,2.5
1312,172167115,11243497,11240764,0.0,1.0,1.0,1.100,6.500,2.5
1313,172167117,11240764,11240769,2.0,2.0,4.0,1.100,6.500,2.5
1314,172167120,11246021,11248609,4.0,2.0,6.0,1.050,8.500,2.5
1315,172167122,11240764,11248609,0.0,5.0,5.0,1.100,6.500,2.5
1316,172167124,11243497,11240769,1.0,2.0,3.0,1.071,7.500,2.5
1317,172167126,11248609,11243497,1.0,2.0,3.0,1.040,9.000,2.5
1318,172167128,11246021,11240764,2.0,2.0,4.0,1.200,4.333,2.5
1319,172167131,11243497,11246021,2.0,0.0,2.0,1.111,6.000,2.5
1320,172167139,11240769,11248609,2.0,0.0,2.0,1.030,10.000,2.5
1321,172167141,11246021,11240769,0.0,1.0,1.0,1.083,7.000,2.5
1322,172167143,11240764,11243497,3.0,0.0,3.0,1.100,6.500,2.5
1323,172167146,11240769,11240764,2.0,4.0,6.0,1.100,6.500,2.5
1324,172167152,11248609,11246021,5.0,3.0,8.0,1.050,8.500,2.5
1325,172167158,11248666,11240863,3.0,1.0,4.0,1.100,6.500,2.5
1326,172167161,11240864,11243672,1.0,2.0,3.0,1.100,6.500,2.5
1327,172167163,11243672,11248666,0.0,0.0,0.0,1.040,9.000,2.5
1328,172167165,11240863,11223698,1.0,0.0,1.0,1.222,4.000,2.5
1329,172167167,11223698,11243672,1.0,2.0,3.0,1.111,6.000,2.5
1330,172167169,11248666,11240864,3.0,2.0,5.0,1.040,9.000,2.5
1331,172167171,11240864,11223698,3.0,1.0,4.0,1.083,7.000,2.5
1332,172167173,11243672,11240863,0.0,2.0,2.0,1.111,6.000,2.5
1333,172167183,11240863,11240864,3.0,3.0,6.0,1.100,6.500,2.5
1334,172167187,11223698,11248666,1.0,3.0,4.0,1.040,9.000,2.5
1335,172167191,11240863,11248666,4.0,2.0,6.0,1.100,6.500,2.5
1336,172167198,11248666,11243672,0.0,1.0,1.0,1.062,8.000,2.5
1337,172167207,11223698,11240863,0.0,1.0,1.0,1.250,3.750,2.5
1338,172167214,11243672,11223698,0.0,0.0,0.0,1.142,5.000,2.5
1339,172167219,11240864,11248666,0.0,0.0,0.0,1.050,8.500,2.5
1340,172167223,11223698,11240864,1.0,3.0,4.0,1.083,7.000,2.5
1341,172167225,11240863,11243672,5.0,2.0,7.0,1.100,6.500,2.5
1342,172167227,11240864,11240863,2.0,4.0,6.0,1.100,6.500,2.5
1343,172167229,11248666,11223698,1.0,2.0,3.0,1.050,8.500,2.5
1344,172167231,11248174,11240891,0.0,3.0,3.0,1.083,7.000,2.5
1345,172167239,11240894,11244571,2.0,2.0,4.0,1.083,7.000,2.5
1346,172167246,11244571,11248174,0.0,2.0,2.0,1.050,8.500,2.5
1347,172167250,11240891,11247530,1.0,2.0,3.0,1.250,3.750,2.5
1348,172167258,11248174,11240894,2.0,1.0,3.0,1.040,9.000,2.5
1349,172167253,11247530,11244571,0.0,4.0,4.0,1.142,5.000,2.5
1350,172167263,11240894,11247530,2.0,0.0,2.0,1.083,7.000,2.5
1351,172167270,11244571,11240891,2.0,0.0,2.0,1.111,6.000,2.5
1352,172167272,11240891,11240894,2.0,3.0,5.0,1.125,5.500,2.5
1353,172167274,11247530,11248174,0.0,2.0,2.0,1.062,8.000,2.5
1354,172167276,11240891,11248174,3.0,3.0,6.0,1.125,5.500,2.5
1355,172167278,11244571,11240894,0.0,3.0,3.0,1.100,6.500,2.5
1356,172167280,11248174,11244571,3.0,1.0,4.0,1.062,8.000,2.5
1357,172167282,11247530,11240891,2.0,1.0,3.0,1.222,4.000,2.5
1358,172167287,11244571,11247530,4.0,2.0,6.0,1.142,5.000,2.5
1359,172167294,11240894,11248174,2.0,2.0,4.0,1.040,9.000,2.5
1360,172167296,11247530,11240894,1.0,3.0,4.0,1.083,7.000,2.5
1361,172167298,11240891,11244571,2.0,5.0,7.0,1.100,6.500,2.5
1362,172167300,11240894,11240891,3.0,2.0,5.0,1.071,7.500,2.5
1363,172167308,11248174,11247530,2.0,3.0,5.0,1.071,7.500,2.5
1364,172168085,11230905,11227749,0.0,0.0,0.0,1.166,4.500,2.5
1365,172191048,11224355,11225675,2.0,2.0,4.0,1.050,8.500,2.5
1366,172191167,11225675,11230905,3.0,4.0,7.0,1.142,5.000,2.5
1367,172168099,11227749,11235266,1.0,2.0,3.0,1.250,3.750,2.5
1368,172191037,11235266,11225675,1.0,0.0,1.0,1.111,6.000,2.5
1369,172191062,11230905,11224355,2.0,3.0,5.0,1.111,6.000,2.5
1370,172191040,11224355,11235266,2.0,1.0,3.0,1.100,6.500,2.5
1371,172191153,11225675,11227749,3.0,2.0,5.0,1.125,5.500,2.5
1372,172168114,11235266,11230905,1.0,2.0,3.0,1.222,4.000,2.5
1373,172190954,11227749,11224355,3.0,0.0,3.0,1.083,7.000,2.5
1374,172168118,11227749,11230905,0.0,2.0,2.0,1.166,4.500,2.5
1375,172191165,11225675,11224355,1.0,3.0,4.0,1.062,8.000,2.5
1376,172168145,11235266,11227749,1.0,3.0,4.0,1.222,4.000,2.5
1377,172191051,11230905,11225675,2.0,1.0,3.0,1.142,5.000,2.5
1378,172191042,11224355,11230905,2.0,3.0,5.0,1.111,6.000,2.5
1379,172191161,11225675,11235266,4.0,5.0,9.0,1.111,6.000,2.5
1380,172190947,11227749,11225675,2.0,2.0,4.0,1.125,5.500,2.5
1381,172191035,11235266,11224355,1.0,5.0,6.0,1.125,5.500,2.5
1382,172168184,11230905,11235266,1.0,6.0,7.0,1.250,3.750,2.5
1383,172191046,11224355,11227749,2.0,1.0,3.0,1.142,5.000,2.5
1384,172168187,11230918,11227254,1.0,5.0,6.0,1.200,4.333,2.5
1385,172190962,11224382,11225716,5.0,3.0,8.0,1.062,8.000,2.5
1386,172191107,11225716,11230918,3.0,3.0,6.0,1.166,4.500,2.5
1387,172168193,11227254,11235358,1.0,3.0,4.0,1.222,4.000,2.5
1388,172191014,11235358,11225716,4.0,3.0,7.0,1.083,7.000,2.5
1389,172191072,11230918,11224382,2.0,1.0,3.0,1.111,6.000,2.5
